WKT,sec_name,sales,user_id,Team_Leader
"POLYGON ((78.0165331 27.2086087, 78.0211872 27.2083779, 78.0283326 27.2072711, 78.0340618 27.2055344, 78.033933 27.2059352, 78.0340188 27.2069848, 78.0342763 27.207481, 78.0342763 27.2078245, 78.0346197 27.2079771, 78.0347269 27.2090267, 78.0345767 27.2092748, 78.0349201 27.211145, 78.0347055 27.212309, 78.0340403 27.216469, 78.0336755 27.2168315, 78.0335039 27.2174803, 78.0332249 27.2176139, 78.0325648 27.2196198, 78.0323237 27.2204189, 78.0320984 27.2213825, 78.0318945 27.2218499, 78.03168 27.2220694, 78.0313474 27.2226323, 78.0312079 27.2233001, 78.0309289 27.2240729, 78.0308431 27.2245976, 78.0306285 27.2250078, 78.0305105 27.2259809, 78.0305963 27.2291864, 78.0306607 27.231266, 78.0313259 27.2316858, 78.0314332 27.2322773, 78.0310899 27.2331358, 78.0311972 27.2341089, 78.031047 27.2365319, 78.0230862 27.2367417, 78.022936 27.2376193, 78.0213052 27.2391265, 78.0183719 27.2393249, 78.0174921 27.2329717, 78.01702 27.2269998, 78.0166982 27.2246338, 78.0164901 27.2178447, 78.0163399 27.2151541, 78.015782 27.2140473, 78.0158464 27.2133604, 78.0163185 27.2119673, 78.0163399 27.2111659, 78.0167476 27.2103071, 78.0165545 27.2092957, 78.0165331 27.2086087))",Kamla Nagar,1544718.0,1962.0,
"POLYGON ((77.988374 27.2275912, 77.9876391 27.2276246, 77.9876177 27.2273194, 77.9882185 27.2270332, 77.9883472 27.226766, 77.9886691 27.2269187, 77.9889266 27.2270522, 77.9891841 27.226766, 77.9901926 27.2266897, 77.9907719 27.226766, 77.99148 27.2265752, 77.9916302 27.2262699, 77.9930464 27.2261173, 77.9937116 27.2259456, 77.9942052 27.2257166, 77.9950635 27.2254304, 77.9953639 27.2254304, 77.9958145 27.2245527, 77.9954712 27.2235462, 77.994806 27.222325, 77.9932181 27.2193865, 77.9950742 27.2184706, 77.9964797 27.21786, 77.996764 27.2178838, 77.996882 27.2179459, 77.9972092 27.217984, 77.9972951 27.2177121, 77.9982017 27.2167914, 77.9992209 27.2159852, 77.9993604 27.2166483, 77.9994033 27.2170299, 77.9993765 27.2173877, 77.9996179 27.2185994, 78.0007068 27.2184229, 78.0009429 27.2183513, 78.0014149 27.2195439, 78.0033783 27.2187473, 78.0038611 27.2185946, 78.0047087 27.2181939, 78.0048374 27.2182559, 78.005111 27.2173448, 78.0052505 27.2168248, 78.0052612 27.2161188, 78.0053632 27.2156942, 78.0059801 27.2150454, 78.0063556 27.2148927, 78.0078366 27.2176275, 78.0089412 27.2172398, 78.0101321 27.216925, 78.0117307 27.2165529, 78.0119989 27.2173162, 78.0122993 27.2176405, 78.0125247 27.2182702, 78.0134688 27.2182035, 78.0135439 27.218337, 78.0144988 27.2181939, 78.0150781 27.2183179, 78.0151747 27.218213, 78.0164943 27.2180985, 78.0166982 27.2246338, 78.01702 27.2269998, 78.0170629 27.2286979, 78.0174921 27.2329717, 78.0179642 27.2364631, 78.0183719 27.2393249, 78.0156897 27.2395157, 78.0154322 27.2421484, 78.0131791 27.2429878, 78.0123637 27.246002, 78.0107544 27.2465552, 78.007922 27.2474137, 78.0034802 27.2478906, 78.0017422 27.24749, 77.9985664 27.2477571, 77.998899 27.2468986, 77.9987596 27.2454297, 77.9980515 27.246002, 77.997515 27.2455442, 77.9965494 27.2452771, 77.9968069 27.2443423, 77.9975579 27.2428924, 77.9979871 27.2412708, 77.998266 27.2402979, 77.9983304 27.239363, 77.998545 27.2389052, 77.9988668 27.2373598, 77.9987596 27.2364822, 77.9988454 27.2346697, 77.9986308 27.2336585, 77.9979656 27.2324184, 77.9974077 27.2317697, 77.9938028 27.228965, 77.988374 27.2275912))",Dayal Bagh,965942.0,1105.0,
"POLYGON ((78.023509 27.1840417, 78.0248133 27.1841171, 78.0246654 27.1857591, 78.0251183 27.1875729, 78.0260025 27.1902148, 78.0227516 27.1911691, 78.0228804 27.1915509, 78.0200051 27.1918753, 78.0190824 27.1917226, 78.017237 27.1919326, 78.0162382 27.192477, 78.0133199 27.1938512, 78.0113887 27.1943474, 78.0104017 27.1941565, 78.0096292 27.1939084, 78.008038 27.1946921, 78.0071996 27.1951831, 78.0056332 27.1964046, 78.0045603 27.1967481, 78.0018566 27.1966336, 78.0013534 27.1949213, 78.0007955 27.1923447, 78.001137 27.1893991, 78.0012029 27.1880666, 78.0013209 27.1856807, 78.0015 27.1843, 78.001043 27.182915, 78.0061907 27.1825404, 78.0069203 27.1820441, 78.0079717 27.1818342, 78.0090446 27.1813379, 78.0119433 27.1805582, 78.0128016 27.1807777, 78.0144753 27.1804533, 78.0152693 27.1805486, 78.0156696 27.1802687, 78.0167284 27.1813886, 78.0172434 27.1818276, 78.0178978 27.1821617, 78.0192496 27.183073, 78.0200544 27.1836219, 78.0216208 27.1839464, 78.023509 27.1840417))",Mantola,827694.5,1138.0,
"POLYGON ((77.967691 27.1948972, 77.9675837 27.1954315, 77.9675408 27.1957369, 77.9671975 27.2005845, 77.9681417 27.2019204, 77.9725619 27.206806, 77.9697724 27.20818, 77.9696866 27.2085616, 77.9648801 27.209554, 77.951748 27.2112714, 77.952825 27.2062906, 77.9553958 27.1957751, 77.9594728 27.1967293, 77.960374 27.1964049, 77.9658672 27.1949258, 77.967691 27.1948972))",Avas Vikas Colony Lohamandi,774893.0,811.0,
"POLYGON ((77.9544796 27.1797374, 77.953793 27.173629, 77.9728474 27.1719492, 77.9789414 27.1740108, 77.9834046 27.1750798, 77.985722 27.1762252, 77.9773106 27.1799665, 77.9707982 27.1787068, 77.9670324 27.1791266, 77.9654634 27.1794332, 77.9628562 27.1796432, 77.9600855 27.1796034, 77.9544796 27.1797374))",Shahganj,640047.5,915.0,
"POLYGON ((77.9768103 27.1714106, 77.9812305 27.1607963, 77.9906483 27.1636265, 77.9912727 27.1718306, 77.9913263 27.1720784, 77.9902857 27.1718306, 77.9894274 27.1718306, 77.9886335 27.1717925, 77.9863589 27.1717256, 77.9835051 27.1715633, 77.9801577 27.171487, 77.9768103 27.1714106))",Arjun Nagar,502871.0,632.0,
"POLYGON ((78.0048607 27.2022827, 78.004217 27.2015194, 78.0018566 27.1966336, 78.0045603 27.1967481, 78.0056332 27.1964046, 78.0067061 27.1955458, 78.0071996 27.1951831, 78.008038 27.1946921, 78.0096292 27.1939084, 78.0104017 27.1941565, 78.0101871 27.1948818, 78.0135304 27.1963117, 78.0153369 27.1978209, 78.0143904 27.1992891, 78.0126713 27.2000321, 78.0114219 27.2010218, 78.0095385 27.2009468, 78.0089806 27.201443, 78.0078648 27.2017484, 78.0048607 27.2022827))",Sanjay Place,473706.0,558.0,
"POLYGON ((77.9170654 27.2184795, 77.9168596 27.2179015, 77.918542 27.21511, 77.918575 27.192421, 77.920754 27.192329, 77.9316046 27.1933154, 77.9333642 27.1981632, 77.9356387 27.1983159, 77.9389861 27.2011404, 77.9367116 27.2121708, 77.9359391 27.2123234, 77.9361966 27.2136974, 77.9170654 27.2184795))",Shastripuram,454312.5,439.0,
"POLYGON ((77.9725684 27.1906815, 77.9723538 27.1898799, 77.9724397 27.1882957, 77.9723663 27.1877517, 77.9723324 27.1872268, 77.9724182 27.1868642, 77.9723967 27.1864633, 77.9740704 27.1856998, 77.9759176 27.1845641, 77.9760875 27.1843065, 77.9805953 27.182789, 77.9812498 27.1845451, 77.9812927 27.185843, 77.9807348 27.1864156, 77.979147 27.1868737, 77.9803057 27.1896222, 77.9797478 27.1898131, 77.9797478 27.1907292, 77.9798765 27.1914927, 77.9764004 27.1911491, 77.9725684 27.1906815))",Goalpara,344034.5,238.0,
"POLYGON ((78.039957 27.1462655, 78.0443463 27.1428706, 78.0463824 27.1402818, 78.0512533 27.1333309, 78.0519399 27.1343239, 78.0609552 27.1425119, 78.0564491 27.1447841, 78.053445 27.1474668, 78.051955 27.1455276, 78.0478963 27.1484613, 78.0466361 27.1477397, 78.0457885 27.1477778, 78.0449088 27.1470141, 78.0435619 27.1460746, 78.0427679 27.1464564, 78.0415448 27.1467238, 78.0410299 27.1466665, 78.039957 27.1462655))",Shamsabad,326655.5,500.0,
"POLYGON ((77.9797478 27.1907292, 77.9808015 27.1908009, 77.9833335 27.1909536, 77.985136 27.1906482, 77.9856939 27.1904955, 77.9900713 27.1898466, 77.9905004 27.1898848, 77.9908008 27.1906482, 77.9918952 27.1942937, 77.9926891 27.1956106, 77.9914016 27.1959923, 77.9910583 27.1957251, 77.9894704 27.1952289, 77.9885692 27.1946945, 77.9879684 27.1949999, 77.9886121 27.1957633, 77.9871959 27.1962977, 77.9840631 27.1946181, 77.9830761 27.1951525, 77.9826469 27.1953816, 77.9815311 27.1939311, 77.9798765 27.1914927, 77.9797478 27.1907292))",Alam Gang,319088.0,419.0,
"POLYGON ((78.053445 27.1474668, 78.0564491 27.1447841, 78.0609552 27.1425119, 78.0643487 27.145554, 78.0625892 27.1493251, 78.0627823 27.1499742, 78.0627823 27.150738, 78.0613661 27.1524182, 78.0621493 27.1531151, 78.061527 27.1535828, 78.0610228 27.1557117, 78.0600754 27.1560682, 78.0612985 27.1577292, 78.0612374 27.1586137, 78.0584911 27.1584849, 78.0538137 27.1578596, 78.05111 27.1577069, 78.0514963 27.1586233, 78.0502303 27.1590099, 78.049844 27.1593154, 78.0495222 27.1596972, 78.048578 27.1603081, 78.0479128 27.1610718, 78.0475695 27.1609613, 78.0469794 27.1600544, 78.047056 27.1594666, 78.0467219 27.1579639, 78.0468024 27.1578637, 78.04662 27.1570379, 78.0461533 27.1571143, 78.0460085 27.1566656, 78.0456866 27.1553435, 78.046223 27.1553148, 78.0462445 27.1547659, 78.0459173 27.1548328, 78.0452145 27.1549569, 78.0439753 27.1545177, 78.0446513 27.1530285, 78.0437032 27.1528368, 78.0436481 27.151754, 78.0438949 27.1515058, 78.0437797 27.1514848, 78.0436643 27.1512915, 78.0438627 27.1511144, 78.0436159 27.1508567, 78.0439539 27.1505034, 78.0431707 27.1498781, 78.0426235 27.1500691, 78.0420442 27.1502982, 78.0415721 27.1495917, 78.0418081 27.1493913, 78.0421193 27.1491717, 78.0427952 27.1490285, 78.0449088 27.1470141, 78.0457885 27.1477778, 78.0466361 27.1477397, 78.0476124 27.1483411, 78.0481918 27.1482075, 78.0495222 27.1471955, 78.051955 27.1455276, 78.053445 27.1474668))",Basai,305732.0,404.0,
"POLYGON ((77.9181812 27.2212463, 77.9170654 27.2184795, 77.9275152 27.2159034, 77.9391882 27.2129838, 77.9403246 27.2127136, 77.951748 27.2112714, 77.9503747 27.2157548, 77.9467548 27.2171753, 77.9422058 27.2174615, 77.9385016 27.2176208, 77.9349611 27.2192046, 77.9333088 27.2197579, 77.9273865 27.2208456, 77.9259488 27.2208837, 77.9212711 27.2210936, 77.9181812 27.2212463))",USIDC,293956.0,294.0,
"POLYGON ((77.985004 27.212686, 77.9876528 27.2126702, 77.9878459 27.2128038, 77.9891548 27.2127847, 77.9901634 27.2127274, 77.9899702 27.2151891, 77.9905174 27.2166584, 77.9917298 27.2165534, 77.9922877 27.2182135, 77.9932181 27.2193865, 77.9954205 27.2234132, 77.9958145 27.2245527, 77.9953639 27.2254304, 77.9950635 27.2254304, 77.9935966 27.2259414, 77.9930464 27.2261173, 77.9916302 27.2262699, 77.99148 27.2265752, 77.9907719 27.226766, 77.9901926 27.2266897, 77.9891841 27.226766, 77.9889266 27.2270522, 77.9886613 27.2270385, 77.9883472 27.226766, 77.9882185 27.2270332, 77.9876177 27.2273194, 77.982179 27.226937, 77.9799924 27.2231079, 77.9820524 27.2221538, 77.9833827 27.2210853, 77.9819021 27.2205319, 77.9813228 27.2204938, 77.9811297 27.2192344, 77.9816661 27.2187955, 77.9805718 27.2177079, 77.9815588 27.2172308, 77.9817305 27.2164294, 77.9821167 27.2158188, 77.9824171 27.2145593, 77.9831038 27.2142159, 77.98349 27.2148647, 77.9843483 27.214712, 77.985034 27.2138573, 77.985004 27.212686))",SuryaLok Colony,276621.0,273.0,
"POLYGON ((78.0205469 27.122597, 78.021396 27.120067, 78.025361 27.1209923, 78.0259618 27.1280203, 78.0266895 27.1298793, 78.0301164 27.1336904, 78.0299233 27.1339769, 78.0284427 27.1343206, 78.0284641 27.1344925, 78.0280994 27.1348744, 78.0279277 27.1352563, 78.0276273 27.1353136, 78.0278633 27.1356382, 78.0278633 27.136192, 78.0277816 27.1364601, 78.027716 27.1367139, 78.0273483 27.1379679, 78.0270479 27.1386124, 78.0267582 27.1393905, 78.0264686 27.1401065, 78.0260823 27.1407558, 78.0255674 27.142818, 78.0257819 27.1451857, 78.0186721 27.1454503, 78.0185862 27.1449157, 78.0144234 27.1451448, 78.013895 27.1447868, 78.0205469 27.122597))",Madhuvan Colony,268270.5,256.0,
"POLYGON ((77.9996179 27.2185994, 77.9993765 27.2173877, 77.9994033 27.2170299, 77.9993604 27.2166483, 77.9992209 27.2159852, 77.9992752 27.2145673, 77.9995542 27.2141284, 77.9993396 27.2114759, 78.0024822 27.2116285, 78.0047782 27.211037, 78.0052503 27.2116858, 78.0054219 27.2127926, 78.0063556 27.2148927, 78.0059801 27.2150454, 78.0052932 27.2158267, 78.0052505 27.2168248, 78.0047087 27.2181939, 78.0014149 27.2195439, 78.0009429 27.2183513, 78.0007068 27.2184229, 77.9996179 27.2185994))",Nagla Padi,266405.0,372.0,
"POLYGON ((78.0117307 27.2165529, 78.0102828 27.2169024, 78.0078366 27.2176275, 78.0067637 27.2156048, 78.0063556 27.2148927, 78.0054219 27.2127926, 78.0052503 27.2116858, 78.00494 27.210873, 78.0109932 27.2086027, 78.0165331 27.2086087, 78.0165545 27.2092957, 78.0167476 27.2103071, 78.0163399 27.2111659, 78.0163185 27.2119673, 78.015782 27.2140473, 78.0163399 27.2151541, 78.0164943 27.2180985, 78.0151747 27.218213, 78.0150781 27.2183179, 78.0144988 27.2181939, 78.0135439 27.218337, 78.0134688 27.2182035, 78.0125247 27.2182702, 78.0122993 27.2176405, 78.0119989 27.2173162, 78.0117307 27.2165529))",New Agra Colony,257744.5,294.0,
"POLYGON ((78.0081518 27.1764068, 78.0087955 27.1753378, 78.0086024 27.1733334, 78.0092252 27.1713871, 78.0097446 27.1706799, 78.0120004 27.1724614, 78.0129445 27.1735495, 78.0135882 27.1750384, 78.0138672 27.1762792, 78.0145324 27.1776918, 78.0152834 27.1787035, 78.0164421 27.1794861, 78.0156696 27.1802687, 78.0152693 27.1805486, 78.0144753 27.1804533, 78.0128016 27.1807777, 78.0119433 27.1805582, 78.0090446 27.1813379, 78.0084652 27.179639, 78.0082506 27.1785892, 78.0083579 27.1781501, 78.0083794 27.1769475, 78.0081057 27.1766581, 78.0081518 27.1764068))",Chhipitola,251769.5,307.0,
"POLYGON ((77.9505481 27.2318232, 77.9515781 27.2289994, 77.9523935 27.227473, 77.9525222 27.2263282, 77.9531231 27.2254124, 77.9534664 27.2242294, 77.9538955 27.2235425, 77.9537602 27.2203296, 77.9534598 27.2147578, 77.9552623 27.2144524, 77.9568501 27.2134983, 77.9591676 27.212277, 77.9616996 27.2170476, 77.9620858 27.2186123, 77.962987 27.2184215, 77.9641457 27.2197572, 77.9657336 27.2223522, 77.9647895 27.2242222, 77.9640599 27.2246801, 77.9628154 27.2264737, 77.9616137 27.2273895, 77.9610558 27.2284961, 77.9606696 27.2293357, 77.9593392 27.2304804, 77.9589101 27.2313199, 77.9505481 27.2318232))",Bain Bazar,250781.0,237.0,
"POLYGON ((78.0360898 27.167697, 78.0384004 27.1666931, 78.0386794 27.1661585, 78.0388552 27.166108, 78.0394841 27.1654426, 78.0418122 27.1644022, 78.044005 27.1635116, 78.0448633 27.1632826, 78.0451422 27.1628625, 78.0461937 27.1626525, 78.0492432 27.1625609, 78.0510564 27.1623891, 78.0520863 27.1649378, 78.0510135 27.1650284, 78.05111 27.1654007, 78.0510403 27.1657634, 78.0510886 27.167157, 78.0512924 27.1672239, 78.0513139 27.1678348, 78.0491977 27.1693152, 78.0473309 27.1703078, 78.0454856 27.1709378, 78.0437046 27.1709951, 78.0436402 27.1689524, 78.0421489 27.1691911, 78.0413014 27.1689524, 78.0405611 27.1688761, 78.0404867 27.1710678, 78.0389209 27.1711405, 78.0387506 27.1705987, 78.0378923 27.1700642, 78.0374175 27.1693533, 78.0360898 27.167697))",Patola,232887.5,327.0,
"POLYGON ((78.0398403 27.2031686, 78.0415998 27.2025007, 78.0436168 27.2027678, 78.0489812 27.2053633, 78.0552039 27.2084167, 78.0547104 27.2091227, 78.0527149 27.2101341, 78.0483911 27.21251, 78.0475006 27.2128344, 78.0470929 27.2128248, 78.0436597 27.2139698, 78.042321 27.2079898, 78.0418144 27.2062602, 78.0398403 27.2031686))",Trans Yamuna Colony,228319.5,373.0,
"POLYGON ((77.9883398 27.1867235, 77.9881682 27.1861509, 77.9883828 27.1856165, 77.9891552 27.1844712, 77.9890398 27.1826519, 77.990456 27.1820793, 77.9916147 27.1812012, 77.9923014 27.1808576, 77.9929451 27.1828046, 77.9948763 27.1856295, 77.996035 27.187271, 77.9966788 27.188798, 77.9969806 27.1916026, 77.9969806 27.1941983, 77.9953886 27.1974929, 77.9950924 27.1973283, 77.9935903 27.197939, 77.9926891 27.1956106, 77.9918952 27.1942937, 77.9908867 27.1910872, 77.9908008 27.1906482, 77.9905004 27.1898848, 77.9898123 27.1898668, 77.9883398 27.1867235))",Sirki Mandi,225082.0,284.0,
"POLYGON ((77.9967875 27.1895794, 77.9966788 27.188798, 77.996035 27.187271, 77.9948763 27.1856295, 77.9929451 27.1828046, 77.9923014 27.1808576, 77.9929308 27.1809041, 77.9940609 27.1806792, 77.9972081 27.1809124, 78.001297 27.181096, 78.001052 27.181802, 78.001043 27.182915, 78.0015 27.1843, 78.0013 27.1858, 78.001137 27.1893991, 78.0001263 27.1893873, 77.9983239 27.1895017, 77.9967875 27.1895794))",Gokul Pura,222391.0,276.0,
"POLYGON ((77.9333642 27.1981632, 77.9316046 27.1933154, 77.9399323 27.1938334, 77.94048 27.1932114, 77.9452865 27.1924098, 77.9477756 27.1918754, 77.9497926 27.1912646, 77.9521529 27.1908447, 77.9539125 27.190692, 77.9549424 27.1907684, 77.9572599 27.1909974, 77.9583796 27.191537, 77.9557403 27.1949725, 77.9542558 27.1967232, 77.9513375 27.1984408, 77.9451148 27.202296, 77.9388776 27.2018631, 77.9389861 27.2011404, 77.9356387 27.1983159, 77.9333642 27.1981632))",Dahtaura,221220.5,256.0,
"POLYGON ((77.9839202 27.2100202, 77.9835554 27.2071768, 77.9843279 27.2070241, 77.9856153 27.2066043, 77.9850145 27.2058409, 77.9844995 27.2046959, 77.9835554 27.2049249, 77.9831262 27.203818, 77.9935117 27.1991232, 77.9941984 27.1986652, 77.9949709 27.2000393, 77.9947992 27.2007645, 77.9955717 27.2043524, 77.9983183 27.2064516, 78.0019231 27.2059554, 78.0038543 27.2062608, 78.003742 27.207096, 78.00494 27.210873, 78.0024822 27.2116285, 77.9993396 27.2114759, 77.996 27.211, 77.9940028 27.2109316, 77.9896255 27.2106072, 77.9839202 27.2100202))",Khanduri,217968.5,261.0,
"POLYGON ((78.0486699 27.2294577, 78.0476945 27.2257534, 78.0461833 27.2226831, 78.0457625 27.2208135, 78.0468997 27.2207562, 78.0480584 27.2204318, 78.0482086 27.2206227, 78.0526933 27.2184283, 78.0529293 27.2188481, 78.0558028 27.2174876, 78.0621173 27.2221924, 78.0594137 27.2247874, 78.0541202 27.2277786, 78.0486699 27.2294577))",D Block & Preet Vihar Colony,212619.5,316.0,
"POLYGON ((78.0162382 27.192477, 78.017237 27.1919326, 78.0190824 27.1917226, 78.0200051 27.1918753, 78.0228804 27.1915509, 78.0227516 27.1911691, 78.0230735 27.1910737, 78.0253051 27.1903866, 78.0260025 27.1902148, 78.0263565 27.1913791, 78.0267213 27.1927533, 78.0270592 27.193612, 78.0275688 27.1942798, 78.0266676 27.1947379, 78.0263672 27.1957303, 78.0251273 27.1968334, 78.0245265 27.1969479, 78.0244622 27.1972532, 78.0230459 27.1978449, 78.0220103 27.1961987, 78.0209803 27.1948818, 78.0181264 27.1931259, 78.0171394 27.1929923, 78.0162382 27.192477))",Belanganj,208615.5,182.0,
"POLYGON ((78.0349019 27.1502475, 78.0388501 27.1472307, 78.0387536 27.1475171, 78.038936 27.1477749, 78.039408 27.1498179, 78.0398694 27.1508967, 78.0413485 27.1529198, 78.0413056 27.1544472, 78.0418635 27.1559746, 78.0420566 27.1576547, 78.0416489 27.1572156, 78.0414343 27.1577311, 78.0403615 27.1575592, 78.0404044 27.1571583, 78.0400611 27.1571392, 78.0384303 27.1575783, 78.0371428 27.1580938, 78.0367137 27.1580365, 78.0358124 27.1580174, 78.0349019 27.1502475))",Shaheed Nagar,201971.5,278.0,
"POLYGON ((78.048372 27.2350469, 78.0466125 27.2349706, 78.0466125 27.2345508, 78.0444667 27.2337114, 78.0440805 27.2334061, 78.0439088 27.2326048, 78.0407331 27.2321087, 78.0386731 27.2313837, 78.038244 27.2307731, 78.0354116 27.23001, 78.0358407 27.2262703, 78.0363986 27.2228358, 78.0378148 27.2183326, 78.0381152 27.2155466, 78.0380294 27.2101272, 78.0382869 27.2039823, 78.0398403 27.2031686, 78.0418144 27.2062602, 78.042321 27.2079898, 78.0426643 27.2102417, 78.0437372 27.2143635, 78.0449817 27.2185616, 78.0461833 27.2226831, 78.0475137 27.2253544, 78.0490157 27.2306968, 78.0486295 27.2321469, 78.048372 27.2350469))",Foundry Nagar,194431.5,334.0,
"POLYGON ((78.0457625 27.2208135, 78.0436597 27.2139698, 78.0470929 27.2128248, 78.0475006 27.2128344, 78.0547104 27.2091227, 78.0552039 27.2084167, 78.0585083 27.2100702, 78.0583367 27.210948, 78.0585083 27.2148409, 78.0584225 27.2152225, 78.0580148 27.2152416, 78.0569848 27.2159858, 78.0569634 27.2164247, 78.0562123 27.21673, 78.0565557 27.2171307, 78.0545601 27.2180276, 78.0529293 27.2188481, 78.0526933 27.2184283, 78.0512771 27.2190961, 78.0507406 27.2194014, 78.0482086 27.2206227, 78.0480584 27.2204318, 78.0468997 27.2207562, 78.0457625 27.2208135))",Baraich,191927.5,293.0,
"POLYGON ((78.0305165 27.1938522, 78.0291861 27.1905694, 78.0301732 27.1901686, 78.0311817 27.1906505, 78.0321043 27.1915142, 78.0330056 27.1931651, 78.0332201 27.1935468, 78.0348938 27.1942721, 78.0371025 27.1949922, 78.0394628 27.1968244, 78.0419749 27.1982037, 78.0442496 27.1989758, 78.0464812 27.199701, 78.0474703 27.2002735, 78.0426209 27.2018385, 78.0415998 27.2025007, 78.0398403 27.2031686, 78.0378979 27.2040817, 78.0359238 27.2047306, 78.0345505 27.2019825, 78.0336493 27.2004557, 78.0331343 27.2003793, 78.0318468 27.1974403, 78.0306023 27.1957607, 78.0308169 27.1951118, 78.0305165 27.1938522))",Katra Wazir Khan-Vijay Kumar,188687.0,247.0,
"POLYGON ((77.9553958 27.1957751, 77.9557403 27.1949725, 77.9583796 27.191537, 77.9620703 27.188655, 77.9647311 27.1895711, 77.9694517 27.1903346, 77.9692372 27.191098, 77.9685923 27.192416, 77.9683133 27.1930267, 77.967691 27.1948972, 77.9658672 27.1949258, 77.9648801 27.1951262, 77.960374 27.1964049, 77.9594728 27.1967293, 77.9553958 27.1957751))",Nirala till Central Park Road,170995.5,184.0,
"POLYGON ((78.023509 27.1840417, 78.0216208 27.1839464, 78.0200544 27.1836219, 78.0167284 27.1813886, 78.0156696 27.1802687, 78.0164421 27.1794861, 78.0169194 27.1795746, 78.017842 27.1793646, 78.0183785 27.1785057, 78.0190437 27.1778757, 78.0204599 27.1771313, 78.0217044 27.1756805, 78.0248031 27.175142, 78.0267129 27.1753616, 78.0300387 27.1738057, 78.0332145 27.1733476, 78.0360469 27.1723932, 78.0391368 27.1717059, 78.0389209 27.1711405, 78.0404867 27.1710678, 78.0405611 27.1688761, 78.0421489 27.1691911, 78.0436402 27.1689524, 78.0437046 27.1709951, 78.0454856 27.1709378, 78.0480734 27.1700296, 78.044785 27.17418, 78.045815 27.174372, 78.0456701 27.1768254, 78.0431381 27.1760237, 78.0354563 27.1756037, 78.0330959 27.1764818, 78.0311647 27.1774744, 78.030521 27.1773599, 78.0291477 27.1778944, 78.0277744 27.1791542, 78.0256716 27.1811394, 78.024942 27.1826283, 78.0248133 27.1841171, 78.023509 27.1840417))",Husanpura & Dharmapuri,163552.0,181.0,
"POLYGON ((78.0093031 27.1455123, 78.0132513 27.1453214, 78.013895 27.1447868, 78.0144234 27.1451448, 78.0185862 27.1449157, 78.0186721 27.1454503, 78.023264 27.1452976, 78.0321904 27.1451066, 78.0341645 27.1446866, 78.0349019 27.1502475, 78.0340874 27.1515961, 78.033787 27.1530853, 78.0334866 27.1537345, 78.0297959 27.1580875, 78.0286801 27.1604549, 78.0280793 27.1610277, 78.0241652 27.162061, 78.0090161 27.1643901, 78.0070849 27.1643519, 78.0059691 27.1636265, 77.9985448 27.1629392, 77.9967423 27.1656119, 77.9906483 27.1636265, 77.9882022 27.1492309, 77.98979 27.1510639, 77.9928799 27.1505292, 77.9922791 27.1474743, 77.9962702 27.1467869, 78.0035229 27.145794, 78.0093031 27.1455123))",Agra Can't,158736.0,204.0,
"POLYGON ((78.0165331 27.2086087, 78.0159817 27.2061991, 78.0159388 27.2038327, 78.0163653 27.2023102, 78.0174382 27.1998292, 78.020099 27.199333, 78.020571 27.2005163, 78.0205281 27.2019667, 78.0207856 27.2030736, 78.0224593 27.2026156, 78.0229528 27.2026537, 78.0233927 27.2025106, 78.0242617 27.2021766, 78.0246265 27.2031308, 78.0251093 27.2043427, 78.025678 27.2076919, 78.0208714 27.2083789, 78.0165331 27.2086087))",Vijayanagar Colony,154965.0,207.0,
"POLYGON ((77.9972081 27.1809124, 77.9973072 27.1801735, 77.9957837 27.1752486, 77.9981064 27.1748255, 78.0027842 27.1751692, 78.0042595 27.1757068, 78.0054879 27.1759709, 78.0062603 27.176429, 78.0081057 27.1766581, 78.0083794 27.1769475, 78.0083579 27.1781501, 78.0082506 27.1785892, 78.0084652 27.179639, 78.0090446 27.1813379, 78.0079717 27.1818342, 78.0069203 27.1820441, 78.0061907 27.1825404, 78.0042595 27.1827122, 78.001043 27.182915, 78.001052 27.181802, 78.001297 27.181096, 77.9973501 27.1808798, 77.9972081 27.1809124))",Panchkuian,148857.0,189.0,
"POLYGON ((78.0486699 27.2294577, 78.0541202 27.2277786, 78.0584117 27.2353722, 78.0515453 27.2378143, 78.0512449 27.2368604, 78.0481979 27.2372801, 78.0486295 27.2321469, 78.0490157 27.2306968, 78.0486699 27.2294577))",Tedi Baghiya,147497.0,206.0,
"POLYGON ((78.025361 27.1209923, 78.05354 27.128968, 78.0541684 27.1294849, 78.0512533 27.1333309, 78.0463824 27.1402818, 78.0440046 27.1388135, 78.042764 27.1375744, 78.043287 27.1371202, 78.0414037 27.1347008, 78.0406522 27.1351923, 78.0369609 27.1308285, 78.0345136 27.1325272, 78.0316363 27.1290117, 78.0266895 27.1298793, 78.0259618 27.1280203, 78.025361 27.1209923))",Kalika Nagla,140728.5,177.0,
"POLYGON ((77.9797478 27.1907292, 77.9797478 27.1898131, 77.9803057 27.1896222, 77.979147 27.1868737, 77.9807348 27.1864156, 77.9812927 27.185843, 77.9812498 27.1845451, 77.9805953 27.182789, 77.9825463 27.1819517, 77.9841664 27.1815412, 77.9887261 27.1803483, 77.9887261 27.181379, 77.9891552 27.1830969, 77.9891552 27.1844712, 77.9883828 27.1856165, 77.9881682 27.1861509, 77.9883398 27.1867235, 77.9898123 27.1898668, 77.985136 27.1906482, 77.9833335 27.1909536, 77.9797478 27.1907292))",Jaipur House Colony,139840.5,172.0,
"POLYGON ((78.0558028 27.2174876, 78.0565557 27.2171307, 78.0562123 27.21673, 78.0569634 27.2164247, 78.0569848 27.2159858, 78.0580148 27.2152416, 78.0584225 27.2152225, 78.0585083 27.2148409, 78.0583367 27.210948, 78.0585083 27.2100702, 78.0593648 27.2104271, 78.0666282 27.2113908, 78.0697932 27.2118011, 78.0725827 27.212946, 78.0737844 27.2142436, 78.0696216 27.2198537, 78.0690637 27.2206933, 78.0676475 27.2218382, 78.0657651 27.2242532, 78.0637481 27.2226504, 78.0627182 27.2225359, 78.0621173 27.2221924, 78.0584636 27.2195484, 78.0558028 27.2174876))",Nagla Rambal,137132.5,206.0,
"POLYGON ((77.9687789 27.1920635, 77.9692372 27.191098, 77.9694517 27.1903346, 77.9798765 27.1914927, 77.9828677 27.1955537, 77.981666 27.1962408, 77.9805073 27.1952102, 77.9764089 27.1974432, 77.9754308 27.195957, 77.9727271 27.1947546, 77.9719761 27.1941057, 77.9714611 27.1938957, 77.9701307 27.192407, 77.9700985 27.1919681, 77.9687789 27.1920635))",Jagdish Pura,136699.0,219.0,
"POLYGON ((77.9364981 27.2250749, 77.9361118 27.2237965, 77.9360689 27.2229951, 77.9361333 27.2228615, 77.9364123 27.2227661, 77.9365839 27.2224036, 77.9369058 27.2226516, 77.9383434 27.221793, 77.9384722 27.2215259, 77.9381074 27.2210107, 77.9379787 27.2207435, 77.9379572 27.2201902, 77.9377855 27.2196368, 77.9379787 27.2195987, 77.9401244 27.2191407, 77.9411544 27.218969, 77.9422917 27.218969, 77.9422058 27.2174615, 77.9439868 27.2174424, 77.9467548 27.2171753, 77.9468407 27.2182057, 77.9467978 27.2191979, 77.9466261 27.2199994, 77.9466046 27.2205718, 77.9466476 27.2218502, 77.946669 27.222728, 77.9468192 27.2237583, 77.9470982 27.224388, 77.946433 27.2245406, 77.9454245 27.2245979, 77.9445018 27.2247124, 77.9435577 27.2248459, 77.9425921 27.2248841, 77.9422273 27.2245216, 77.9412617 27.2248078, 77.940339 27.2250749, 77.9397167 27.2251894, 77.9388799 27.2252657, 77.9388584 27.2255519, 77.9367985 27.2259717, 77.9364981 27.2250749))",Mahadev Pur,134859.0,163.0,
"POLYGON ((78.0612374 27.1586137, 78.0612374 27.1575827, 78.0600754 27.1560682, 78.0610228 27.1557117, 78.0615378 27.153726, 78.061527 27.1535828, 78.0621493 27.1531151, 78.0613661 27.1524182, 78.0627823 27.150738, 78.0627823 27.1499742, 78.0625892 27.1493251, 78.0643487 27.145554, 78.0699492 27.1505566, 78.0712366 27.1518549, 78.0733609 27.1541079, 78.0711723 27.1560935, 78.0717731 27.1569336, 78.0741763 27.1584609, 78.0711079 27.1594728, 78.0672455 27.1602555, 78.0631471 27.1609237, 78.0613661 27.161191, 78.0614305 27.1597592, 78.0612374 27.1586137))",Tora,127036.5,124.0,
"POLYGON ((78.0415998 27.2025007, 78.0426209 27.2018385, 78.045346 27.2009606, 78.0474703 27.2002735, 78.0485432 27.2008461, 78.0495732 27.2014568, 78.0502577 27.2018734, 78.0522339 27.20264, 78.0543797 27.2032889, 78.0529205 27.2055026, 78.0494015 27.2038232, 78.0485861 27.2039759, 78.048122 27.2049468, 78.0436168 27.2027678, 78.0415998 27.2025007))",Nunihai- Vijay Kumar,116690.0,167.0,
"POLYGON ((77.9620703 27.188655, 77.9661096 27.1860339, 77.9709592 27.1834787, 77.9721822 27.183982, 77.9760875 27.1843065, 77.9760231 27.1845355, 77.9740704 27.1856998, 77.9723967 27.1864633, 77.9724182 27.1868642, 77.9723324 27.1872268, 77.9724397 27.1882957, 77.9723538 27.1898799, 77.9725684 27.1906815, 77.9694517 27.1903346, 77.9647311 27.1895711, 77.9620703 27.188655))",Sulahkul Nagar,113259.0,137.0,
"POLYGON ((78.0093031 27.1455123, 78.0080554 27.1371406, 78.0075833 27.1340853, 78.007565 27.1331196, 78.0043034 27.1240294, 78.0076508 27.1237238, 78.0078654 27.1229981, 78.0093245 27.1227689, 78.0146031 27.1214703, 78.0175643 27.1204008, 78.019238 27.1199042, 78.021396 27.120067, 78.0205469 27.122597, 78.013895 27.1447868, 78.0132513 27.1453214, 78.0093031 27.1455123))",Gopal Pura,113086.5,167.0,
"POLYGON ((77.9728474 27.1719492, 77.9768103 27.1714106, 77.9813959 27.1715754, 77.9849213 27.1716779, 77.9872816 27.1717924, 77.9902857 27.1718306, 77.9913263 27.1720784, 77.9917469 27.176033, 77.9914975 27.1760854, 77.9888796 27.1761236, 77.9890265 27.1776759, 77.985722 27.1762252, 77.9834046 27.1750798, 77.9789414 27.1740108, 77.9728474 27.1719492))",GyasPura,112311.5,162.0,
"POLYGON ((77.920754 27.192329, 77.9217362 27.177762, 77.9283881 27.1793272, 77.9401898 27.1826104, 77.9398035 27.183832, 77.9399323 27.1938334, 77.9316046 27.1933154, 77.920754 27.192329))",Manghatai,110725.5,104.0,
"POLYGON ((78.0514963 27.1586233, 78.05111 27.1577069, 78.0538137 27.1578596, 78.058706 27.1585088, 78.0612374 27.1586137, 78.0614305 27.1597592, 78.0613661 27.161191, 78.0639417 27.1608379, 78.0646713 27.1627471, 78.0635555 27.1657634, 78.0642421 27.1664507, 78.0635984 27.167138, 78.0635662 27.1675007, 78.0627508 27.1683025, 78.0628688 27.1683597, 78.0624504 27.1691902, 78.0618496 27.1699156, 78.0586309 27.1727981, 78.0562706 27.1719582, 78.0545111 27.170011, 78.0513139 27.1678348, 78.0512924 27.1672239, 78.0510886 27.167157, 78.0510403 27.1657634, 78.051271 27.1656871, 78.0512173 27.1654055, 78.05111 27.1654007, 78.0510135 27.1650284, 78.0520863 27.1649378, 78.0510564 27.1623891, 78.0492432 27.1625609, 78.0493934 27.1618927, 78.0490501 27.16195, 78.0479128 27.1610718, 78.048578 27.1603081, 78.0495222 27.1596972, 78.049844 27.1593154, 78.0502303 27.1590099, 78.0514963 27.1586233))",Dhandhupura,110335.0,177.0,
"POLYGON ((77.981637 27.1542316, 77.9877739 27.1511386, 77.9883748 27.1505276, 77.9906483 27.1636265, 77.9840831 27.1617435, 77.9812305 27.1607963, 77.9809073 27.1581351, 77.9812936 27.1549085, 77.981637 27.1542316))",Rasulpur,109865.0,178.0,
"POLYGON ((78.048122 27.2049468, 78.0485861 27.2039759, 78.0494015 27.2038232, 78.0514185 27.2047393, 78.0529205 27.2055026, 78.0543797 27.2032889, 78.0583708 27.2050034, 78.0628769 27.2076751, 78.063821 27.2085911, 78.0656235 27.2092781, 78.067898 27.2104995, 78.0697932 27.2118011, 78.0593648 27.2104271, 78.0585083 27.2100702, 78.048122 27.2049468))",TYC Phase 2 - Sahara,107649.0,143.0,
"POLYGON ((78.0251093 27.2043427, 78.0242617 27.2021766, 78.0229528 27.2026537, 78.0224593 27.2026156, 78.0207856 27.2030736, 78.0205281 27.2019667, 78.020571 27.2005163, 78.020099 27.199333, 78.0219301 27.1988946, 78.0224022 27.198551, 78.0230459 27.1978449, 78.0244622 27.1972532, 78.0245265 27.1969479, 78.0251273 27.1968334, 78.0278692 27.2021429, 78.0277231 27.2029591, 78.0251093 27.2043427))",Ratan Pura,103853.0,154.0,
"POLYGON ((78.0584117 27.2353722, 78.0541202 27.2277786, 78.0594137 27.2247874, 78.0621173 27.2221924, 78.0627182 27.2225359, 78.0637481 27.2226504, 78.0657651 27.2242532, 78.0658939 27.226352, 78.0646494 27.2289469, 78.0637052 27.2309694, 78.062289 27.2329536, 78.0610445 27.2344799, 78.0584117 27.2353722))",Gulab Nagar,103097.0,160.0,
"POLYGON ((77.9399323 27.1938334, 77.9398035 27.183832, 77.9401898 27.1826104, 77.9620703 27.188655, 77.9583796 27.191537, 77.9572599 27.1909974, 77.9539125 27.190692, 77.9497926 27.1912646, 77.9477756 27.1918754, 77.94048 27.1932114, 77.9399323 27.1938334))",Verma Dairy,102310.5,158.0,
"POLYGON ((78.075655 27.2085339, 78.0437666 27.1945202, 78.0442816 27.1937186, 78.044067 27.1932224, 78.046127 27.1927261, 78.0465132 27.1917336, 78.0475861 27.1914283, 78.0487019 27.1917336, 78.0504614 27.1914283, 78.0518776 27.1914283, 78.0531651 27.1903976, 78.0542809 27.190054, 78.0560404 27.1897105, 78.0594736 27.193375, 78.0612332 27.1939858, 78.0632931 27.1945202, 78.0672842 27.1963142, 78.0722624 27.1983754, 78.0794722 27.2012382, 78.0749661 27.2023832, 78.0738074 27.2044062, 78.075655 27.2085339))",Nagla Balchand,100859.5,150.0,
"POLYGON ((78.0109932 27.2086027, 78.0109364 27.2053976, 78.0105073 27.2036419, 78.0116044 27.20368, 78.0125914 27.2030694, 78.0126906 27.2025843, 78.0133263 27.2021144, 78.0157457 27.2004739, 78.0157125 27.2000515, 78.0174382 27.1998292, 78.0159388 27.2038327, 78.0159817 27.2061991, 78.0165331 27.2086087, 78.0109932 27.2086027))",Gandhi Nagar,98544.5,128.0,
"POLYGON ((77.9703477 27.1432948, 77.9678842 27.1423328, 77.9648372 27.1425524, 77.9605886 27.1427911, 77.956796 27.141924, 77.9538079 27.1411108, 77.9510614 27.1414927, 77.9442807 27.1359932, 77.951233 27.1326323, 77.956297 27.1285074, 77.9611036 27.1276672, 77.9819604 27.1265213, 77.9844239 27.1350075, 77.9786732 27.136917, 77.9784157 27.1364969, 77.9744246 27.1373753, 77.9759267 27.1401632, 77.97524 27.1403924, 77.9756692 27.1418818, 77.9703477 27.1432948))",Dhanauli,95416.0,159.0,
"POLYGON ((77.9552254 27.1867708, 77.9547963 27.1812354, 77.9566845 27.181159, 77.9590449 27.1816172, 77.9627571 27.182228, 77.9626712 27.1828769, 77.9624996 27.183316, 77.9627142 27.1837932, 77.963036 27.1845376, 77.9632935 27.1853774, 77.9633793 27.1866944, 77.9634223 27.1877251, 77.9620703 27.188655, 77.9552254 27.1867708))",Gular ka Nagla,94750.0,144.0,
"POLYGON ((77.9686385 27.2174609, 77.9691105 27.2169266, 77.9685526 27.2165068, 77.9711276 27.2157436, 77.9708272 27.2149039, 77.9707842 27.2108966, 77.9759576 27.209595, 77.977803 27.209595, 77.979305 27.212801, 77.9793479 27.2157492, 77.9794874 27.2162262, 77.9797663 27.2175524, 77.9798093 27.2180772, 77.9764726 27.2186687, 77.9761078 27.2183443, 77.9748096 27.2178673, 77.9735329 27.2186592, 77.9743483 27.2205292, 77.9710438 27.2211397, 77.9705288 27.2209108, 77.9686385 27.2174609))",Kakraita,93344.5,125.0,
"POLYGON ((77.9932181 27.2193865, 77.9922877 27.2182135, 77.9917298 27.2165534, 77.9938097 27.2163701, 77.9937668 27.2159312, 77.9951186 27.2161029, 77.9953547 27.2135459, 77.9960413 27.2134505, 77.9958053 27.2119811, 77.996 27.211, 77.9993396 27.2114759, 77.9995542 27.2141284, 77.9992752 27.2145673, 77.9992209 27.2159852, 77.9972951 27.2177121, 77.9972092 27.217984, 77.996882 27.2179459, 77.9964797 27.21786, 77.9932181 27.2193865))",Kaushalpura,86844.0,119.0,
"POLYGON ((77.9803512 27.202766, 77.9761668 27.2049357, 77.9725619 27.206806, 77.9681417 27.2019204, 77.9671975 27.2005845, 77.967691 27.1948972, 77.9683133 27.1930267, 77.9687789 27.1920635, 77.9700985 27.1919681, 77.9701307 27.192407, 77.9714611 27.1938957, 77.9719761 27.1941057, 77.9727271 27.1947546, 77.9734352 27.1951363, 77.9754308 27.195957, 77.9753449 27.1960906, 77.9776838 27.1992397, 77.9803512 27.202766))",Nagla Anita + Hawaii ki Baggichi + Sector 16 Avas Vikas Colony,84877.0,117.0,
"POLYGON ((77.9950939 27.2021301, 77.9947992 27.2007645, 77.9949709 27.2000393, 77.9941984 27.1986652, 77.9953886 27.1974929, 77.9969806 27.1941983, 77.9969546 27.1926501, 77.9974696 27.1935853, 77.9982206 27.1942533, 77.9988643 27.194635, 78.0006239 27.1950167, 78.0013534 27.1949213, 78.0018566 27.1966336, 78.0030977 27.1990956, 78.0010163 27.199859, 78.0001365 27.2002025, 77.9985915 27.2008514, 77.9970251 27.2013476, 77.9960381 27.2018056, 77.9950939 27.2021301))",Professors Colony,80240.0,90.0,
"POLYGON ((78.0370825 27.1902792, 78.0342072 27.18692, 78.0326622 27.1850876, 78.0310744 27.1845913, 78.0296152 27.184515, 78.029744 27.1834079, 78.0310744 27.1815755, 78.0324477 27.1800866, 78.0343788 27.1788268, 78.0366534 27.1778723, 78.0380267 27.1776815, 78.0396145 27.1771852, 78.0417174 27.1771852, 78.0436486 27.1775669, 78.0447644 27.1779487, 78.0465668 27.1791322, 78.0481547 27.180163, 78.0493134 27.1811937, 78.046481 27.1840951, 78.0445927 27.1870727, 78.0442923 27.1869963, 78.0427044 27.1874162, 78.0409449 27.1873781, 78.0396145 27.1875689, 78.0397433 27.1881797, 78.0370825 27.1902792))",Nagla Devjit,79990.0,122.0,
"POLYGON ((77.9367116 27.2121708, 77.9376759 27.2073593, 77.9469027 27.2057944, 77.9499497 27.2057181, 77.952825 27.2062906, 77.9520097 27.2100309, 77.9367116 27.2121708))",Rishipuram Colony,79711.5,79.0,
"POLYGON ((77.94467 27.163524, 77.947293 27.153341, 77.950028 27.148559, 77.956796 27.141924, 77.9605886 27.1427911, 77.965752 27.1425048, 77.9678842 27.1423328, 77.9703477 27.1432948, 77.97421 27.145968, 77.97368 27.1466873, 77.9748816 27.1472792, 77.9762628 27.1492839, 77.9792454 27.1517279, 77.981637 27.1542316, 77.9812936 27.1549085, 77.9809073 27.1581351, 77.9812305 27.1607963, 77.9768103 27.1714106, 77.9728474 27.1719492, 77.94467 27.163524))",Agra Airport,78333.5,138.0,
"POLYGON ((77.9709592 27.1834787, 77.9773106 27.1799665, 77.9822298 27.1777809, 77.9851012 27.176515, 77.985722 27.1762252, 77.9890265 27.1776759, 77.9891124 27.1789453, 77.9887261 27.1803483, 77.9825463 27.1819517, 77.9800143 27.1830206, 77.9760875 27.1843065, 77.9721822 27.183982, 77.9709592 27.1834787))",Pandav Nagar,71880.5,68.0,
"POLYGON ((77.9503747 27.2157548, 77.951748 27.2112714, 77.9648801 27.209554, 77.9651623 27.2097898, 77.9591676 27.212277, 77.9552623 27.2144524, 77.9534598 27.2147578, 77.9506751 27.2156403, 77.9503747 27.2157548))",Bajrang Nagar,71513.0,71.0,
"POLYGON ((77.9591676 27.212277, 77.9651623 27.2097898, 77.9707842 27.2108966, 77.970795 27.2124423, 77.9708272 27.2149039, 77.9711276 27.2157436, 77.9685526 27.2165068, 77.9691105 27.2169266, 77.9686385 27.2174609, 77.9619008 27.2175373, 77.9591676 27.212277))",Maharishi Puram Colony,64620.0,83.0,
"POLYGON ((78.0035229 27.145794, 78.0023249 27.1426306, 77.9996439 27.1396994, 78.0034634 27.1392412, 78.0035278 27.1378854, 78.0080554 27.1371406, 78.0093031 27.1455123, 78.0035229 27.145794))",Madhu Nagar,60855.0,80.0,
"POLYGON ((78.0101871 27.1948818, 78.0104017 27.1941565, 78.0113887 27.1943474, 78.0133199 27.1938512, 78.0146074 27.1932786, 78.0156803 27.1927823, 78.0162382 27.192477, 78.0171394 27.1929923, 78.0181264 27.1931259, 78.0194354 27.1938512, 78.0209803 27.1948818, 78.0220103 27.1961987, 78.0230459 27.1978449, 78.0224022 27.198551, 78.0219301 27.1988946, 78.020099 27.199333, 78.0174382 27.1998292, 78.0157125 27.2000515, 78.0156374 27.199782, 78.0151438 27.199281, 78.0148756 27.1985509, 78.0153369 27.1978209, 78.0136418 27.1964277, 78.0101871 27.1948818))",Gadhapura,59835.5,95.0,
"POLYGON ((78.0280793 27.1610277, 78.0286801 27.1604549, 78.0297959 27.1580875, 78.0334866 27.1537345, 78.033787 27.1530853, 78.0340874 27.1515961, 78.0349019 27.1502475, 78.0358124 27.1580174, 78.0355466 27.161944, 78.0345595 27.1613331, 78.0309546 27.1607222, 78.0280793 27.1610277))",Vibhav Nagar,53762.5,67.0,
"POLYGON ((77.9470982 27.224388, 77.9468192 27.2237583, 77.946669 27.222728, 77.9466261 27.2199994, 77.9467978 27.2191979, 77.9467548 27.2171753, 77.9503747 27.2157548, 77.9534598 27.2147578, 77.9538955 27.2235425, 77.952136 27.2243438, 77.9506769 27.2242675, 77.9487028 27.224382, 77.9470982 27.224388))",Sikandar,53654.5,59.0,
"POLYGON ((77.9696866 27.2085616, 77.9697724 27.20818, 77.9761668 27.2049357, 77.9803512 27.202766, 77.9821921 27.2021114, 77.9890891 27.1997979, 77.9935903 27.197939, 77.9950924 27.1973283, 77.9953886 27.1974929, 77.9941984 27.1986652, 77.9831262 27.203818, 77.9696866 27.2085616))",Kailashpuri,53534.0,57.0,
"POLYGON ((78.0321904 27.1451066, 78.0257819 27.1451857, 78.0255674 27.142818, 78.0260823 27.1407558, 78.0264686 27.1401065, 78.0271123 27.1384453, 78.0273483 27.1379679, 78.0278633 27.136192, 78.0278633 27.1356382, 78.0276273 27.1353136, 78.0279277 27.1352563, 78.0280994 27.1348744, 78.0284641 27.1344925, 78.0284427 27.1343206, 78.0299233 27.1339769, 78.0301164 27.1336904, 78.0321667 27.1360519, 78.0339358 27.1434099, 78.0341645 27.1446866, 78.0324767 27.1450521, 78.0321904 27.1451066))",Sainik Nagar,52696.5,76.0,
"POLYGON ((77.9627571 27.182228, 77.9591146 27.1816315, 77.9566845 27.181159, 77.9547963 27.1812354, 77.9544796 27.1797374, 77.9567703 27.1796892, 77.9600855 27.1796034, 77.9628562 27.1796432, 77.9643046 27.1795286, 77.9654634 27.1794332, 77.9670324 27.1791266, 77.9707982 27.1787068, 77.9773106 27.1799665, 77.9709592 27.1834787, 77.9682126 27.1828679, 77.9627571 27.182228))",Kala Kunj,52349.0,78.0,
"POLYGON ((77.9890265 27.1776759, 77.9888796 27.1761236, 77.9914975 27.1760854, 77.9957837 27.1752486, 77.9973072 27.1801735, 77.9972081 27.1809124, 77.9894952 27.1776815, 77.9890265 27.1776759))",Sadar Tehsil Agra,52273.5,65.0,
"POLYGON ((77.9890891 27.1997979, 77.9871959 27.1962977, 77.9886121 27.1957633, 77.9879684 27.1949999, 77.9885692 27.1946945, 77.9894704 27.1952289, 77.9910583 27.1957251, 77.9914016 27.1959923, 77.9926891 27.1956106, 77.9935903 27.197939, 77.9890891 27.1997979))",Bilochpura,51927.0,78.0,
"POLYGON ((78.0320054 27.2442321, 78.0321342 27.2422481, 78.0321771 27.2391193, 78.0321342 27.2369444, 78.0325633 27.2342734, 78.03325 27.2319839, 78.0337221 27.2304194, 78.033765 27.2295799, 78.0354116 27.23001, 78.038244 27.2307731, 78.0386731 27.2313837, 78.0407331 27.2321087, 78.0439088 27.2326048, 78.0441934 27.2336629, 78.0466125 27.2345508, 78.0466125 27.2349706, 78.048372 27.2350469, 78.0481979 27.2372801, 78.0512449 27.2368604, 78.0515453 27.2378143, 78.0534202 27.2427823, 78.048276 27.247482, 78.042623 27.247548, 78.034618 27.2443459, 78.0320054 27.2442321))",Nagla,51602.5,79.0,
"POLYGON ((78.0420566 27.1576547, 78.0418635 27.1559746, 78.0413056 27.1544472, 78.0413485 27.1529198, 78.0398694 27.1508967, 78.039408 27.1498179, 78.038945 27.1478964, 78.0387536 27.1475171, 78.0388501 27.1472307, 78.039957 27.1462655, 78.0410299 27.1466665, 78.0415448 27.1467238, 78.0427679 27.1464564, 78.0435619 27.1460746, 78.0449088 27.1470141, 78.0427952 27.1490285, 78.0421193 27.1491717, 78.0415721 27.1495917, 78.0420442 27.1502982, 78.0431707 27.1498781, 78.043494 27.150159, 78.0439539 27.1505034, 78.0436159 27.1508567, 78.0438627 27.1511144, 78.0436643 27.1512915, 78.0438949 27.1515058, 78.0436481 27.151754, 78.0437032 27.1528368, 78.0446513 27.1530285, 78.0439753 27.1545177, 78.0432017 27.1565756, 78.0427296 27.157492, 78.0420566 27.1576547))",Bank Colony,51592.5,92.0,
"POLYGON ((78.0284509 27.1610534, 78.0305108 27.1606716, 78.0345595 27.1613331, 78.0355466 27.161944, 78.0366048 27.1625044, 78.0376777 27.1621607, 78.0397952 27.1620349, 78.0360898 27.167697, 78.0339334 27.1696919, 78.0311761 27.1716105, 78.0292663 27.1724313, 78.0272922 27.1726986, 78.0273351 27.1693006, 78.0264768 27.1689188, 78.0265197 27.1680789, 78.0260906 27.1680407, 78.0259189 27.1672007, 78.0254039 27.1671625, 78.0257472 27.1616262, 78.0284509 27.1610534))",Khairati Tola,51569.5,67.0,
"POLYGON ((78.0332201 27.1935468, 78.0321043 27.1915142, 78.0313402 27.1906708, 78.0301732 27.1901686, 78.0291861 27.1905694, 78.0288122 27.1894806, 78.0352066 27.189557, 78.0391624 27.1921675, 78.0375531 27.1946105, 78.0371025 27.1949922, 78.0348938 27.1942721, 78.0332201 27.1935468))",Yamuna Bridge Agra Station,50961.0,39.0,
"POLYGON ((78.0355466 27.161944, 78.0358124 27.1580174, 78.0371428 27.1580938, 78.0383015 27.1575497, 78.0400611 27.1571392, 78.0404044 27.1571583, 78.0403615 27.1575592, 78.0414343 27.1577311, 78.0416489 27.1572156, 78.0420566 27.1576547, 78.0427296 27.157492, 78.0432017 27.1565756, 78.0439753 27.1545177, 78.0452145 27.1549569, 78.0462445 27.1547659, 78.046223 27.1553148, 78.0456866 27.1553435, 78.0461533 27.1571143, 78.04662 27.1570379, 78.0467219 27.1579639, 78.0458195 27.1583321, 78.0397952 27.1620349, 78.0376777 27.1621607, 78.0366048 27.1625044, 78.0355466 27.161944))",Baldev Nagar,50114.0,81.0,
"POLYGON ((78.0047782 27.211037, 78.003742 27.207096, 78.0038543 27.2062608, 78.0041558 27.2055121, 78.0048178 27.2044583, 78.0048607 27.2022827, 78.0078648 27.2017484, 78.0074067 27.2044053, 78.0090911 27.2042526, 78.0105073 27.2036419, 78.0107326 27.2045913, 78.0109364 27.2053976, 78.0109932 27.2086027, 78.0047782 27.211037))",Nehru Nagar,49910.0,58.0,
"POLYGON ((77.9376759 27.2073593, 77.9388776 27.2018631, 77.9436841 27.2021684, 77.9470744 27.2026264, 77.9536404 27.2030845, 77.952825 27.2062906, 77.9499497 27.2057181, 77.9469027 27.2057944, 77.9376759 27.2073593))",Suruchipuram Colony,49752.5,65.0,
"POLYGON ((77.9181812 27.2212463, 77.9273865 27.2208456, 77.9333088 27.2197579, 77.9385016 27.2176208, 77.9422058 27.2174615, 77.9422917 27.218969, 77.9411544 27.218969, 77.9377855 27.2196368, 77.9379572 27.2201902, 77.9379787 27.2207435, 77.9384722 27.2215259, 77.9383434 27.221793, 77.9369058 27.2226516, 77.9365839 27.2224036, 77.9364123 27.2227661, 77.9360689 27.2229951, 77.9361118 27.2237965, 77.9367985 27.2259717, 77.9349496 27.2264426, 77.9278685 27.2251833, 77.923577 27.2235424, 77.9227187 27.2238477, 77.9195 27.2247636, 77.9181812 27.2212463))",USIDC Bainpur,49718.5,45.0,
"POLYGON ((77.9917469 27.176033, 77.9915238 27.1742384, 77.9913263 27.1720689, 77.9947564 27.1721975, 77.9965481 27.1724457, 77.9982137 27.1728499, 78.0035755 27.1743642, 78.0046757 27.1749656, 78.0061562 27.1759391, 78.0081518 27.1763973, 78.0081057 27.1766486, 78.0062603 27.1764195, 78.0054879 27.1759614, 78.0046296 27.1757705, 78.0027842 27.1751597, 78.0004668 27.1749688, 77.9981064 27.174816, 77.9917469 27.176033))",Police Line,49431.5,67.0,
"POLYGON ((77.9538955 27.2235425, 77.9534664 27.2242294, 77.9531231 27.2254124, 77.9525222 27.2263282, 77.9523935 27.227473, 77.9515781 27.2289994, 77.9510631 27.2302968, 77.9505481 27.2318232, 77.94058 27.231569, 77.940538 27.230957, 77.939504 27.229265, 77.9345407 27.2264427, 77.9367985 27.2259717, 77.9388584 27.2255519, 77.9388799 27.2252657, 77.9422273 27.2245216, 77.9425921 27.2248841, 77.9470982 27.224388, 77.9487028 27.224382, 77.9506769 27.2242675, 77.952136 27.2243438, 77.9527368 27.2240386, 77.9538955 27.2235425))",Bainpur,49428.0,85.0,
"POLYGON ((78.0360898 27.167697, 78.0397952 27.1620349, 78.0419839 27.1606412, 78.0418766 27.1634476, 78.0420053 27.163944, 78.0418122 27.1644022, 78.0394841 27.1654426, 78.0386794 27.1661585, 78.0384541 27.1665212, 78.0384004 27.1666931, 78.0360898 27.167697))",Impeypura,47774.0,76.0,
"POLYGON ((78.0021927 27.2060089, 78.0019231 27.2059554, 78.0007979 27.2061234, 77.9983183 27.2064516, 77.9955717 27.2043524, 77.9950939 27.2021301, 77.9960381 27.2018056, 77.9970251 27.2013476, 77.9990169 27.2006271, 78.0030977 27.1990956, 78.004217 27.2015194, 78.0048607 27.2022827, 78.0048178 27.2044583, 78.0041558 27.2055121, 78.0038543 27.2062608, 78.0023429 27.2060279, 78.0021927 27.2060089))",Ramnagar Colony ,47107.0,52.0,
"POLYGON ((77.9401898 27.1826104, 77.9400984 27.1818511, 77.9502741 27.1802539, 77.9523051 27.1798992, 77.9544796 27.1797374, 77.9547963 27.1812354, 77.9552254 27.1867708, 77.9401898 27.1826104))",Amarpura,46428.0,60.0,
"POLYGON ((78.025678 27.2076919, 78.0251093 27.2043427, 78.0277231 27.2029591, 78.0294398 27.206127, 78.0302122 27.2066614, 78.0283326 27.2072711, 78.025678 27.2076919))",Langre Ki Chowki,45039.0,64.0,
"POLYGON ((77.9634223 27.1877251, 77.9632935 27.1853774, 77.963036 27.1845376, 77.9624996 27.183316, 77.9626712 27.1828769, 77.9627571 27.182228, 77.9682126 27.1828679, 77.969638 27.1831971, 77.9709592 27.1834787, 77.9661096 27.1860339, 77.9634223 27.1877251))",Vinay Nagar,44768.0,47.0,
"POLYGON ((78.0418122 27.1644022, 78.0420053 27.163944, 78.0418766 27.1634476, 78.0419839 27.1606412, 78.0458195 27.1583321, 78.0467219 27.1579639, 78.047056 27.1594666, 78.0469794 27.1600544, 78.0475695 27.1609613, 78.0479128 27.1610718, 78.0490501 27.16195, 78.0493934 27.1618927, 78.0492432 27.1625609, 78.0461937 27.1626525, 78.0451422 27.1628625, 78.0448633 27.1632826, 78.0418122 27.1644022))",ITC Mughal,44151.5,53.0,
"POLYGON ((77.97421 27.145968, 77.977257 27.1453188, 77.9786852 27.145427, 77.9799297 27.1458089, 77.9808309 27.1455797, 77.981303 27.1458089, 77.9822042 27.1456561, 77.9824855 27.1461907, 77.986687 27.1437635, 77.9879143 27.1482338, 77.986777 27.1483483, 77.9856398 27.1489975, 77.9854896 27.1488639, 77.9825284 27.1502768, 77.9802753 27.1513651, 77.9792454 27.1517279, 77.9762628 27.1492839, 77.9748816 27.1472792, 77.97368 27.1466873, 77.97421 27.145968))",Uda ka Nagla,42610.5,85.0,
"POLYGON ((78.0437773 27.1945011, 78.0422326 27.1938227, 78.0391624 27.1921675, 78.0370825 27.1902792, 78.0392712 27.1884851, 78.0397433 27.1881797, 78.0396145 27.1875689, 78.0409449 27.1873781, 78.0422324 27.1874162, 78.0427044 27.1874162, 78.0437344 27.187149, 78.0442923 27.1869963, 78.0445927 27.1870727, 78.046481 27.1840951, 78.0493134 27.1811937, 78.0508583 27.1830261, 78.0530899 27.1863474, 78.0551499 27.1886378, 78.055579 27.188905, 78.0560511 27.1896914, 78.0542916 27.1900349, 78.0531758 27.1903785, 78.0518883 27.1914092, 78.0504721 27.1914092, 78.0487126 27.1917145, 78.0475968 27.1914092, 78.0465239 27.1917145, 78.0461377 27.192707, 78.0440777 27.1932033, 78.0442923 27.1936995, 78.0437773 27.1945011))",Nagla Kachhpura,42210.0,73.0,
"POLYGON ((77.9451148 27.202296, 77.9542558 27.1967232, 77.9555903 27.1952124, 77.9553958 27.1957751, 77.9536404 27.2030845, 77.9470744 27.2026264, 77.9451148 27.202296))",Sulabh Puram Colony,40599.5,36.0,
"POLYGON ((77.9913263 27.1720784, 77.9906483 27.1636265, 77.9967423 27.1656119, 77.9946169 27.1687327, 77.9946384 27.1705558, 77.9947778 27.1705462, 77.9947564 27.172207, 77.9913263 27.1720784))",Kishan Garh,39821.5,57.0,
"POLYGON ((78.0583277 27.204962, 78.0543366 27.2032475, 78.0521908 27.2025986, 78.0502577 27.2018734, 78.0478993 27.2004802, 78.0464812 27.199701, 78.0442496 27.1989758, 78.044979 27.1973694, 78.0450221 27.1974108, 78.0436488 27.1960748, 78.0422326 27.1963802, 78.0421896 27.1937813, 78.0604305 27.2018322, 78.0583277 27.204962))",Industrial Estate-Vijay Kumar,37852.0,68.0,
"POLYGON ((78.0371025 27.1949922, 78.0375531 27.1946105, 78.0384114 27.1933127, 78.0391624 27.1921675, 78.0422326 27.1938227, 78.0422326 27.1963802, 78.0436488 27.1960748, 78.044979 27.1973694, 78.0442496 27.1989758, 78.0419749 27.1982037, 78.0404713 27.1973779, 78.0394628 27.1968244, 78.0371025 27.1949922))",Nawalganj- Vijay Kumar,37831.5,67.0,
"POLYGON ((78.0288122 27.1894806, 78.0292414 27.1881827, 78.0292843 27.185167, 78.0296152 27.184515, 78.0310744 27.1845913, 78.0326622 27.1850876, 78.0370825 27.1902792, 78.0391624 27.1921675, 78.0352066 27.189557, 78.0288122 27.1894806))",Motimahal,37627.5,28.0,
"POLYGON ((77.9967875 27.1895794, 78.001137 27.1893991, 78.0007955 27.1923447, 78.0013534 27.1949213, 78.0006239 27.1950167, 77.9998514 27.1949022, 77.9988643 27.194635, 77.9982206 27.1942533, 77.9974696 27.1935853, 77.9969546 27.1926501, 77.9969546 27.1918103, 77.9967875 27.1895794))",Raja ki Mandi,37028.0,52.0,
"POLYGON ((77.9890398 27.1826519, 77.9887261 27.181379, 77.9887261 27.1803483, 77.9891304 27.178865, 77.9890265 27.1776759, 77.9894952 27.1776815, 77.9901604 27.1779106, 77.9920916 27.1787696, 77.9972081 27.1809124, 77.9940609 27.1806792, 77.9929308 27.1809041, 77.9923014 27.1808576, 77.9916147 27.1812012, 77.990456 27.1820793, 77.9890398 27.1826519))",Soron Katra,36646.0,43.0,
"POLYGON ((77.9744246 27.1373753, 77.9784157 27.1364969, 77.9786732 27.136917, 77.9844239 27.1350075, 77.9858401 27.1403542, 77.9830935 27.1407743, 77.9797461 27.1426456, 77.9766562 27.143142, 77.977257 27.1453188, 77.97421 27.145968, 77.9703477 27.1432948, 77.9735663 27.1424546, 77.9756692 27.1418818, 77.97524 27.1403924, 77.9759267 27.1401632, 77.9744246 27.1373753))",Azizpura,35969.5,71.0,
"POLYGON ((77.9648801 27.209554, 77.9696866 27.2085616, 77.9831262 27.203818, 77.9835554 27.2049249, 77.9844995 27.2046959, 77.9850145 27.2058409, 77.9856153 27.2066043, 77.9835554 27.2071768, 77.9839202 27.2100202, 77.977803 27.209595, 77.9759576 27.209595, 77.9707842 27.2108966, 77.9651623 27.2097898, 77.9648801 27.209554))",Transport Nagar,35065.5,44.0,
"POLYGON ((78.0302122 27.2066614, 78.0294398 27.206127, 78.0277231 27.2029591, 78.0278692 27.2021429, 78.0251273 27.1968334, 78.0263672 27.1957303, 78.0266676 27.1947379, 78.0275688 27.1942798, 78.0303583 27.1988221, 78.0315599 27.199929, 78.0316457 27.2004634, 78.0323324 27.2006543, 78.0342207 27.2035933, 78.0340618 27.2055344, 78.0302122 27.2066614))",Krishna Colony,34964.0,53.0,
"POLYGON ((78.0074067 27.2044053, 78.0078648 27.2017484, 78.0089806 27.201443, 78.0095385 27.2009468, 78.0114219 27.2010218, 78.0126713 27.2000321, 78.0143904 27.1992891, 78.0148756 27.1985509, 78.0151438 27.199281, 78.0156374 27.199782, 78.0157457 27.2004739, 78.0133263 27.2021144, 78.0126906 27.2025843, 78.0125914 27.2030694, 78.0116044 27.20368, 78.0105073 27.2036419, 78.0090911 27.2042526, 78.0074067 27.2044053))",Wazirpura,34912.0,59.0,
"POLYGON ((77.9395405 27.1752083, 77.939469 27.173451, 77.9437391 27.1715134, 77.9453484 27.1707785, 77.9480521 27.1692513, 77.9496399 27.1680677, 77.9541152 27.1699159, 77.9632562 27.172703, 77.9395405 27.1752083))",Sanjiv Gandhi Girls Inter College,34354.0,48.0,
"POLYGON ((77.9901634 27.2127274, 77.9908056 27.2128208, 77.9906554 27.2120956, 77.9896255 27.2106072, 77.9940028 27.2109316, 77.996 27.211, 77.9958053 27.2119811, 77.9959769 27.2130689, 77.9960413 27.2134505, 77.9953547 27.2135459, 77.9951186 27.2161029, 77.9937668 27.2159312, 77.9938097 27.2163701, 77.9917298 27.2165534, 77.9905174 27.2166584, 77.9899702 27.2151891, 77.9901634 27.2127274))",Lawyers Colony,34157.0,35.0,
"POLYGON ((78.0512533 27.1333309, 78.0541684 27.1294849, 78.076199 27.148063, 78.074225 27.149514, 78.0709832 27.1515101, 78.0519399 27.1343239, 78.0512533 27.1333309))",Chamrauli,31221.5,39.0,
"POLYGON ((78.0583708 27.2050034, 78.0604736 27.2018736, 78.0756657 27.2085148, 78.0751078 27.2095071, 78.0745928 27.2097361, 78.0740349 27.2108048, 78.0737774 27.2116444, 78.0742924 27.2127894, 78.0749361 27.2133619, 78.0737844 27.2142436, 78.0725827 27.212946, 78.0697932 27.2118011, 78.067898 27.2104995, 78.0656235 27.2092781, 78.063821 27.2085911, 78.0628769 27.2076751, 78.0583708 27.2050034))",Sahara,30960.5,55.0,
"POLYGON ((77.9222956 27.1778513, 77.9392 27.162086, 77.939469 27.173451, 77.9401898 27.1826104, 77.9222956 27.1778513))",Patholi,29417.5,31.0,
"POLYGON ((77.9361966 27.2136974, 77.936104 27.2128896, 77.9359391 27.2123234, 77.938634 27.2119434, 77.9415006 27.2115633, 77.9521436 27.2099413, 77.951748 27.2112714, 77.9403246 27.2127136, 77.9361966 27.2136974))",Upadhyaypuram,29140.0,15.0,
"POLYGON ((77.9792454 27.1517279, 77.9802753 27.1513651, 77.9854896 27.1488639, 77.9856398 27.1489975, 77.986777 27.1483483, 77.9879143 27.1482338, 77.9882022 27.1492309, 77.9883748 27.1505276, 77.9877739 27.1511386, 77.981637 27.1542316, 77.9792454 27.1517279))",Naripura,28643.0,47.0,
"POLYGON ((77.9503816 27.1672815, 77.9517548 27.1654488, 77.9720538 27.1715576, 77.9728474 27.1719492, 77.9632562 27.172703, 77.9541152 27.1699159, 77.9523127 27.1691905, 77.9496399 27.1680677, 77.9503816 27.1672815))",ASF Colony,26237.5,32.0,
"POLYGON ((77.979305 27.212801, 77.977803 27.209595, 77.9896255 27.2106072, 77.9906554 27.2120956, 77.9908056 27.2128208, 77.9901634 27.2127274, 77.9878459 27.2128038, 77.9876528 27.2126702, 77.985004 27.212686, 77.979305 27.212801))",Kailash Vihar,22960.0,38.0,
"POLYGON ((77.9967423 27.1656119, 77.9985448 27.1629392, 78.0059691 27.1636265, 78.0070849 27.1643519, 78.0090161 27.1643901, 78.0091008 27.1649909, 78.0086717 27.1665564, 78.0097446 27.1706799, 78.0076846 27.1694963, 78.005968 27.1677782, 78.0037364 27.1683127, 78.0021486 27.1669764, 77.9967423 27.1656119))",Namner,22502.0,31.0,
"POLYGON ((77.9400984 27.1818511, 77.9395405 27.1752083, 77.9458383 27.1745402, 77.9471794 27.1807821, 77.9400984 27.1818511))",Kalwari,22068.0,28.0,
"POLYGON ((77.9502741 27.1802539, 77.9494373 27.1758635, 77.9500596 27.1756345, 77.9499019 27.1741153, 77.953793 27.173629, 77.9544796 27.1797374, 77.9523051 27.1798992, 77.9516399 27.180071, 77.9502741 27.1802539))",Pushpanjali Nagar,17609.0,31.0,
"POLYGON ((78.0139442 27.1694699, 78.0142232 27.1685154, 78.0148539 27.1667974, 78.0149612 27.1660338, 78.015296 27.1662818, 78.0177851 27.1658809, 78.0194803 27.1657664, 78.0195232 27.1656136, 78.0205317 27.1654991, 78.0209609 27.1655564, 78.0202957 27.1664918, 78.019094 27.1673509, 78.0188151 27.1673318, 78.0187293 27.1676754, 78.0179782 27.1680954, 78.0176778 27.1684199, 78.017077 27.1690117, 78.0168839 27.1696799, 78.0164762 27.1702144, 78.0160685 27.1706726, 78.01609 27.1712834, 78.0156534 27.1731608, 78.014434 27.1730955, 78.0132072 27.1732467, 78.0126064 27.1731608, 78.0120004 27.1724614, 78.0112275 27.171799, 78.0121288 27.1709018, 78.0132231 27.1703482, 78.0136952 27.1700045, 78.0139442 27.1694699))",Baluganj,17004.0,25.0,
"POLYGON ((78.0112275 27.171799, 78.0097446 27.1706799, 78.0087599 27.1670837, 78.0086717 27.1665564, 78.0091008 27.1649909, 78.0090161 27.1643901, 78.0120429 27.1638956, 78.0176434 27.1630746, 78.0241652 27.162061, 78.0243382 27.1627501, 78.0225572 27.1637811, 78.022053 27.1645447, 78.0215434 27.1649647, 78.0209609 27.1655564, 78.0205317 27.1654991, 78.0195232 27.1656136, 78.0194803 27.1657664, 78.015296 27.1662818, 78.0149612 27.1660338, 78.0148539 27.1667974, 78.0141672 27.1687446, 78.0140385 27.1693364, 78.0136952 27.1700045, 78.0132231 27.1703482, 78.012515 27.1706727, 78.0121288 27.1709018, 78.0116782 27.1712836, 78.0112275 27.171799))",Shahzad Mandi,16965.5,18.0,
"POLYGON ((78.0515453 27.2378143, 78.0599561 27.2348753, 78.0599561 27.2488783, 78.0552354 27.2511293, 78.0550637 27.2508622, 78.05442 27.2492598, 78.0535188 27.243117, 78.0515453 27.2378143))",Nai Ki Sarai,16944.5,22.0,
"POLYGON ((77.979305 27.212801, 77.985004 27.212686, 77.985034 27.2138573, 77.9843483 27.214712, 77.98349 27.2148647, 77.9831038 27.2142159, 77.9824171 27.2145593, 77.9821167 27.2158188, 77.9817305 27.2164294, 77.9815588 27.2172308, 77.9805718 27.2177079, 77.9798093 27.2180772, 77.9793479 27.2157492, 77.979305 27.212801))",Nirbhay Nagar,14965.0,22.0,
"POLYGON ((78.0164421 27.1794861, 78.0152834 27.1787035, 78.0145324 27.1776918, 78.0138672 27.1762792, 78.0135882 27.1750384, 78.0130141 27.1736284, 78.0126064 27.1731608, 78.0132072 27.1732467, 78.0135183 27.1731989, 78.0146234 27.1730844, 78.0156534 27.1731608, 78.0175416 27.1734089, 78.0186789 27.1735425, 78.0190007 27.1744397, 78.019623 27.1749361, 78.0211251 27.1753178, 78.0217044 27.1756805, 78.0211251 27.1763105, 78.0204599 27.1771313, 78.0190437 27.1778757, 78.0183785 27.1785057, 78.017842 27.1793646, 78.0169194 27.1795746, 78.0164421 27.1794861))",Munda Para,13873.5,26.0,
"POLYGON ((77.9471794 27.1807821, 77.9458383 27.1745402, 77.9499019 27.1741153, 77.9500596 27.1756345, 77.9494373 27.1758635, 77.9502741 27.1802539, 77.9471794 27.1807821))",Bilashganj,12697.5,16.0,
"POLYGON ((77.9922791 27.1474743, 77.9921803 27.1466466, 77.9911718 27.1449472, 77.9908499 27.1446608, 77.9926309 27.144088, 77.9923305 27.1433815, 77.9927597 27.1431142, 77.9927548 27.1419432, 77.9926093 27.1416249, 77.9929097 27.1410139, 77.9924805 27.1390662, 77.9946263 27.138417, 77.9943259 27.1379205, 77.9960969 27.1371359, 77.9965668 27.1369235, 77.9969939 27.1367348, 77.9970905 27.1388211, 77.9992362 27.1386492, 77.9996439 27.1396994, 78.0023249 27.1426306, 78.0035229 27.145794, 77.9922791 27.1474743))",Defence Colony,12506.0,20.0,
"POLYGON ((77.9726389 27.2208072, 77.9743483 27.2205292, 77.9735329 27.2186592, 77.9748096 27.2178673, 77.9761078 27.2183443, 77.9764726 27.2186687, 77.9798093 27.2180772, 77.9805718 27.2177079, 77.9816661 27.2187955, 77.9811297 27.2192344, 77.9813228 27.2204938, 77.9819021 27.2205319, 77.9833827 27.2210853, 77.9827025 27.2216086, 77.9820524 27.2221538, 77.9799924 27.2231079, 77.9796555 27.2232114, 77.9786041 27.2233068, 77.9775098 27.2233259, 77.9769304 27.2231541, 77.9753211 27.2226962, 77.9737976 27.2223527, 77.9726389 27.2208072))",Galena,12062.5,25.0,
"POLYGON ((78.0156534 27.1731608, 78.01609 27.1712834, 78.0160685 27.1706726, 78.0168839 27.1696799, 78.017077 27.1690117, 78.0179782 27.1680954, 78.0187293 27.1676754, 78.0188151 27.1673318, 78.019094 27.1673509, 78.0202957 27.1664918, 78.0209609 27.1655564, 78.022053 27.1645447, 78.0225572 27.1637811, 78.0243382 27.1627501, 78.0241652 27.162061, 78.0257472 27.1616262, 78.0254039 27.1671625, 78.0259189 27.1672007, 78.0260906 27.1680407, 78.0265197 27.1680789, 78.0264768 27.1689188, 78.0273351 27.1693006, 78.0272922 27.1726986, 78.0265197 27.173004, 78.025361 27.1737676, 78.0248031 27.175142, 78.0217044 27.1756805, 78.0211251 27.1753178, 78.019623 27.1749361, 78.0190007 27.1744397, 78.0186789 27.1735425, 78.0156534 27.1731608))",Nai Basti,11611.5,26.0,
"POLYGON ((77.9879143 27.1482338, 77.986687 27.1437635, 77.9888327 27.1428088, 77.9889615 27.1415485, 77.9908928 27.1417776, 77.9924378 27.1416821, 77.9927382 27.141472, 77.9927597 27.1431142, 77.9923305 27.1433815, 77.9926309 27.144088, 77.992352 27.1442407, 77.9908499 27.1446608, 77.9911718 27.1449472, 77.9921803 27.1466466, 77.9922791 27.1474743, 77.9928799 27.1505292, 77.98979 27.1510639, 77.9882106 27.1493579, 77.9879143 27.1482338))",Nagla Kachhan,11222.5,18.0,
"POLYGON ((77.9970905 27.1388211, 77.9970476 27.1383533, 77.9969939 27.1367348, 77.9972441 27.136622, 77.9968579 27.1355144, 77.9967292 27.134636, 78.0011924 27.1342923, 78.0075833 27.1340853, 78.0078622 27.1357275, 78.0080554 27.1371406, 78.0035278 27.1378854, 78.0034634 27.1392412, 78.0009743 27.1394703, 77.9996439 27.1396994, 77.9995044 27.1392793, 77.9992362 27.1386492, 77.9985496 27.1387065, 77.9970905 27.1388211))",Hastinapuri,11181.0,17.0,
"POLYGON ((78.0154322 27.2421484, 78.0156897 27.2395157, 78.0213052 27.2391265, 78.022936 27.2376193, 78.0230862 27.2367417, 78.031047 27.2365319, 78.030253 27.244125, 78.023378 27.252824, 78.0214688 27.2540356, 78.0156323 27.2469392, 78.0154322 27.2421484))",Khanpur,11159.5,21.0,
"POLYGON ((78.0030888 27.2624707, 78.0023163 27.2536963, 78.0036467 27.2535055, 78.0036037 27.2523991, 78.0030458 27.2488128, 78.0025738 27.2485458, 78.0025309 27.2476682, 78.0034802 27.2478906, 78.007922 27.2474137, 78.0081528 27.2485839, 78.0077236 27.2502626, 78.0081528 27.2519413, 78.0078953 27.2537344, 78.0097406 27.2543067, 78.0109423 27.2562142, 78.0122726 27.2589229, 78.007936 27.260911, 78.0030888 27.2624707))",Khanpur Ehtmali,10736.0,10.0,
"POLYGON ((77.9967423 27.1656119, 78.0021486 27.1669764, 78.0037364 27.1683127, 78.0028245 27.1689331, 78.0026743 27.1726175, 78.0035755 27.1743737, 77.9965481 27.1724552, 77.9947564 27.172207, 77.9947778 27.1705462, 77.9946384 27.1705558, 77.9946491 27.1701453, 77.9946169 27.1687327, 77.9967423 27.1656119))",Model Town,10224.5,14.0,
"POLYGON ((78.002745 27.1707763, 78.0040324 27.1708526, 78.0042792 27.1706617, 78.0057383 27.170404, 78.0058885 27.1713394, 78.0092252 27.1713871, 78.0086024 27.1733334, 78.0087955 27.1753378, 78.0081518 27.1764068, 78.0061562 27.1759486, 78.0046757 27.1749751, 78.0035755 27.1743737, 78.0026743 27.1726175, 78.002745 27.1707763))",Mohanpura,9641.5,19.0,
"POLYGON ((77.939469 27.173451, 77.9393832 27.1678004, 77.9392 27.162086, 77.9517548 27.1654488, 77.9496399 27.1680677, 77.9480521 27.1692513, 77.9453484 27.1707785, 77.939469 27.173451))",Sucheta,9280.5,13.0,
"POLYGON ((77.9944546 27.1231778, 77.994931 27.122821, 78.0031108 27.1211855, 78.0041407 27.1234008, 78.007565 27.1331196, 78.0075833 27.1340853, 78.0011924 27.1342923, 78.0012782 27.1327646, 77.9996903 27.1301675, 77.9992612 27.1291362, 77.9979308 27.1283342, 77.99527 27.1240181, 77.9947551 27.1236744, 77.9944546 27.1231778))",Sewla Jat,7924.5,16.0,
"POLYGON ((77.9904187 27.2649886, 77.9905904 27.2642257, 77.9920066 27.2640731, 77.9914487 27.2584271, 77.991277 27.254841, 77.9918779 27.2524756, 77.993538 27.25123, 77.9965494 27.2452771, 77.997515 27.2455442, 77.9980515 27.246002, 77.9987596 27.2454297, 77.998899 27.2468986, 77.9985664 27.2477571, 78.0017422 27.24749, 78.0025309 27.2476682, 78.0025738 27.2485458, 78.0030458 27.2488128, 78.0035937 27.2520178, 78.0036467 27.2535055, 78.0023163 27.2536963, 78.0030888 27.2624707, 77.996239 27.264493, 77.9904187 27.2649886))",Sikandarpur Mustkil,7660.0,15.0,
"POLYGON ((78.0028245 27.1689331, 78.0037364 27.1683127, 78.005968 27.1677782, 78.0076846 27.1694963, 78.0097446 27.1706799, 78.0092252 27.1713871, 78.0058885 27.1713394, 78.0057383 27.170404, 78.0042792 27.1706617, 78.0040324 27.1708526, 78.0033351 27.1708049, 78.002745 27.1707763, 78.0028245 27.1689331))",Katlupur,7003.0,6.0,
"POLYGON ((77.9968579 27.1355144, 77.9972441 27.136622, 77.9943259 27.1379205, 77.9946263 27.138417, 77.9924805 27.1390662, 77.9929097 27.1410139, 77.9926093 27.1416249, 77.9911073 27.1417777, 77.9889615 27.1415485, 77.9888327 27.1428088, 77.986687 27.1437635, 77.9864724 27.1426178, 77.9860003 27.1410521, 77.9847987 27.1360873, 77.9893048 27.1331465, 77.9891331 27.1313896, 77.9898627 27.1308549, 77.9893906 27.1301675, 77.9938967 27.1283342, 77.9917939 27.1245911, 77.9944546 27.1231778, 77.9947551 27.1236744, 77.99527 27.1240181, 77.9979308 27.1283342, 77.9992612 27.1291362, 77.9996903 27.1301675, 78.0012782 27.1327646, 78.0011924 27.1342923, 77.9998191 27.1344069, 77.9967292 27.134636, 77.9968579 27.1355144))",Nainana-Brahman,6828.0,15.0,
"POLYGON ((78.0122726 27.2589229, 78.0097406 27.2543067, 78.0078953 27.2537344, 78.0081528 27.2519413, 78.0077236 27.2502626, 78.0081528 27.2485839, 78.007922 27.2474137, 78.0123637 27.246002, 78.0131791 27.2429878, 78.0154322 27.2421484, 78.0156323 27.2469392, 78.0214688 27.2540356, 78.015304 27.257554, 78.0122726 27.2589229))",Khanpur Mustkil,5435.0,6.0,
"POLYGON ((77.9803512 27.202766, 77.9776838 27.1992397, 77.9764089 27.1974432, 77.9805073 27.1952102, 77.981666 27.1962408, 77.9828677 27.1955537, 77.9826469 27.1953816, 77.9840631 27.1946181, 77.9871959 27.1962977, 77.9890891 27.1997979, 77.9803512 27.202766))",Mental Hospital Campus,3517.5,13.0,
"POLYGON ((77.977257 27.1453188, 77.9766562 27.143142, 77.9797461 27.1426456, 77.9830935 27.1407743, 77.9858401 27.1403542, 77.986687 27.1437635, 77.9824855 27.1461907, 77.9822042 27.1456561, 77.981303 27.1458089, 77.9808309 27.1455797, 77.9799297 27.1458089, 77.9786852 27.145427, 77.977257 27.1453188))",Nagla Azizpura,2226.5,5.0,
"POLYGON ((78.0043034 27.1240294, 77.9995438 27.1139744, 78.0127617 27.1095814, 78.0175643 27.1204008, 78.0140492 27.1217667, 78.0133625 27.1216904, 78.0078654 27.1229981, 78.0076508 27.1237238, 78.0043034 27.1240294))",Nagla Parsoti,1401.5,2.0,
"POLYGON ((77.9847987 27.1360873, 77.9844239 27.1350075, 77.9826113 27.1294987, 77.9845687 27.1286477, 77.9917939 27.1245911, 77.9938967 27.1283342, 77.9893906 27.1301675, 77.9898627 27.1308549, 77.9891331 27.1313896, 77.9893048 27.1331465, 77.9847987 27.1360873))",Chak Vi Chor Nagaria,,,
"POLYGON ((77.9904187 27.2649886, 77.983045 27.26549, 77.978806 27.261581, 77.980236 27.258974, 77.9842909 27.2575955, 77.9918779 27.2524756, 77.991277 27.254841, 77.991329 27.2587019, 77.9920066 27.2640731, 77.9905904 27.2642257, 77.9904187 27.2649886))",Sikandarpur Ehtmali,,,
"POLYGON ((78.0266895 27.1298793, 78.0316363 27.1290117, 78.0345136 27.1325272, 78.0369609 27.1308285, 78.0406522 27.1351923, 78.0414037 27.1347008, 78.0427101 27.136333, 78.043287 27.1371202, 78.042764 27.1375744, 78.0440046 27.1388135, 78.0463824 27.1402818, 78.0443463 27.1428706, 78.039957 27.1462655, 78.0349019 27.1502475, 78.0341754 27.1437107, 78.0321667 27.1360519, 78.0266895 27.1298793))",Polygon 146,,,
"POLYGON ((78.0248031 27.175142, 78.025361 27.1737676, 78.0271326 27.1726808, 78.0292663 27.1724313, 78.0311761 27.1716105, 78.0339334 27.1696919, 78.0360898 27.167697, 78.0378923 27.1700642, 78.0387506 27.1705987, 78.0391368 27.1717059, 78.0360469 27.1723932, 78.0333983 27.1733489, 78.0300387 27.1738057, 78.0267129 27.1753616, 78.0248031 27.175142))",Taj Gardens,,,
