WKT,sec_name
"POLYGON ((77.988374 27.2275912, 77.9876391 27.2276246, 77.9876177 27.2273194, 77.9882185 27.2270332, 77.9883472 27.226766, 77.9886691 27.2269187, 77.9889266 27.2270522, 77.9891841 27.226766, 77.9901926 27.2266897, 77.9907719 27.226766, 77.99148 27.2265752, 77.9916302 27.2262699, 77.9930464 27.2261173, 77.9937116 27.2259456, 77.9942052 27.2257166, 77.9950635 27.2254304, 77.9953639 27.2254304, 77.9958145 27.2245527, 77.9954712 27.2235462, 77.994806 27.222325, 77.9932181 27.2193865, 77.9950742 27.2184706, 77.9964797 27.21786, 77.996764 27.2178838, 77.996882 27.2179459, 77.9972092 27.217984, 77.9972951 27.2177121, 77.9982017 27.2167914, 77.9992209 27.2159852, 77.9993604 27.2166483, 77.9994033 27.2170299, 77.9993765 27.2173877, 77.9996179 27.2185994, 78.0007068 27.2184229, 78.0009429 27.2183513, 78.0014149 27.2195439, 78.0033783 27.2187473, 78.0038611 27.2185946, 78.0047087 27.2181939, 78.0048374 27.2182559, 78.005111 27.2173448, 78.0052505 27.2168248, 78.0052612 27.2161188, 78.0053632 27.2156942, 78.0059801 27.2150454, 78.0063556 27.2148927, 78.0078366 27.2176275, 78.0089412 27.2172398, 78.0101321 27.216925, 78.0117307 27.2165529, 78.0119989 27.2173162, 78.0122993 27.2176405, 78.0125247 27.2182702, 78.0134688 27.2182035, 78.0135439 27.218337, 78.0144988 27.2181939, 78.0150781 27.2183179, 78.0151747 27.218213, 78.0164943 27.2180985, 78.0166982 27.2246338, 78.01702 27.2269998, 78.0170629 27.2286979, 78.0174921 27.2329717, 78.0179642 27.2364631, 78.0183719 27.2393249, 78.0156897 27.2395157, 78.0154322 27.2421484, 78.0131791 27.2429878, 78.0123637 27.246002, 78.0107544 27.2465552, 78.007922 27.2474137, 78.0034802 27.2478906, 78.0017422 27.24749, 77.9985664 27.2477571, 77.998899 27.2468986, 77.9987596 27.2454297, 77.9980515 27.246002, 77.997515 27.2455442, 77.9965494 27.2452771, 77.9968069 27.2443423, 77.9975579 27.2428924, 77.9979871 27.2412708, 77.998266 27.2402979, 77.9983304 27.239363, 77.998545 27.2389052, 77.9988668 27.2373598, 77.9987596 27.2364822, 77.9988454 27.2346697, 77.9986308 27.2336585, 77.9979656 27.2324184, 77.9974077 27.2317697, 77.9938028 27.228965, 77.988374 27.2275912))",DayalBagh
"POLYGON ((78.0235305 27.1840512, 78.0245068 27.1840989, 78.0251398 27.1875824, 78.026024 27.1902243, 78.0227731 27.1911786, 78.0229019 27.1915604, 78.0200266 27.1918848, 78.0191039 27.1917321, 78.0172585 27.1919421, 78.0162597 27.1924865, 78.0133414 27.1938607, 78.0114102 27.1943569, 78.0104232 27.194166, 78.0096507 27.1939179, 78.0080595 27.1947016, 78.0072211 27.1951926, 78.0056547 27.1964141, 78.0045818 27.1967576, 78.0018781 27.1966431, 78.0013749 27.1949308, 78.000817 27.1923542, 78.0011585 27.1894086, 78.0012244 27.1880761, 78.0013424 27.1856902, 78.0015215 27.1843095, 78.0010645 27.1829245, 78.0062122 27.1825499, 78.0069418 27.1820536, 78.0079932 27.1818437, 78.0090661 27.1813474, 78.0119648 27.1805677, 78.0128231 27.1807872, 78.0144968 27.1804628, 78.0152908 27.1805581, 78.0156911 27.1802782, 78.0167499 27.1813981, 78.0172649 27.1818371, 78.0178442 27.1822571, 78.019196 27.1831541, 78.0200759 27.1836314, 78.0216423 27.1839559, 78.0235305 27.1840512))",Mantola
"POLYGON ((77.9670324 27.1791266, 77.970809 27.1786685, 77.9728474 27.1719492, 77.9789414 27.1740108, 77.9834046 27.1750798, 77.985722 27.1762252, 77.9874654 27.1769887, 77.9890265 27.1776759, 77.9891123 27.1790121, 77.9887261 27.1803483, 77.9887261 27.181379, 77.9891552 27.1830969, 77.9891552 27.1844712, 77.9883828 27.1856165, 77.9881682 27.1861509, 77.9883398 27.1867235, 77.9876103 27.1869144, 77.9870953 27.185731, 77.9861512 27.185731, 77.9856791 27.1840513, 77.9857649 27.1834405, 77.9850139 27.1829633, 77.9842951 27.1828583, 77.9834904 27.1825243, 77.9825463 27.1819517, 77.9800143 27.1830206, 77.979113 27.1806919, 77.9782011 27.1803387, 77.9773106 27.1799665, 77.9749503 27.1813027, 77.9709592 27.1834787, 77.9682126 27.1828679, 77.9670324 27.1791266))",Shahganj
"POLYGON ((77.9768103 27.1714106, 77.9812305 27.1607963, 77.9906483 27.1636265, 77.9912727 27.1718306, 77.9913263 27.1720784, 77.9902857 27.1718306, 77.9894274 27.1718306, 77.9886335 27.1717925, 77.9863589 27.1717256, 77.9835051 27.1715633, 77.9801577 27.171487, 77.9768103 27.1714106))",Arjun Nagar
"POLYGON ((78.0041558 27.2055121, 78.0047677 27.2044901, 78.0048106 27.2023145, 78.0041669 27.2015512, 78.0018065 27.1966654, 78.0045102 27.1967799, 78.0055831 27.1964364, 78.006656 27.1955776, 78.0071495 27.1952149, 78.0079879 27.1947239, 78.0095791 27.1939402, 78.0103516 27.1941883, 78.010137 27.1949136, 78.0134804 27.1963435, 78.0152869 27.1978527, 78.0143404 27.1993209, 78.0126213 27.2000639, 78.0113719 27.2010536, 78.0094884 27.2009786, 78.0089305 27.2014748, 78.0078147 27.2017802, 78.0074067 27.2044053, 78.0074174 27.2051304, 78.0065162 27.2063136, 78.0064733 27.2072678, 78.0053575 27.2071915, 78.0056149 27.2061991, 78.0041558 27.2055121))",Sanjay Place
"POLYGON ((77.9170654 27.2184795, 77.9168596 27.2179015, 77.918542 27.21511, 77.918575 27.192421, 77.920754 27.192329, 77.9316046 27.1933154, 77.9333642 27.1981632, 77.9356387 27.1983159, 77.9389861 27.2011404, 77.9367116 27.2121708, 77.9359391 27.2123234, 77.9361966 27.2136974, 77.9170654 27.2184795))",Shastripuram
"POLYGON ((77.9725684 27.1906815, 77.9723538 27.1898799, 77.9724397 27.1882957, 77.9723663 27.1877517, 77.9723324 27.1872268, 77.9724182 27.1868642, 77.9723967 27.1864633, 77.9740704 27.1856998, 77.9759176 27.1845641, 77.9760875 27.1843065, 77.9805953 27.182789, 77.9812498 27.1845451, 77.9812927 27.185843, 77.9807348 27.1864156, 77.979147 27.1868737, 77.9803057 27.1896222, 77.9797478 27.1898131, 77.9797478 27.1907292, 77.9798765 27.1914927, 77.9764004 27.1911491, 77.9725684 27.1906815))",Goalpura
"POLYGON ((78.0398819 27.1461891, 78.038775 27.1471543, 78.0349019 27.1500566, 78.0341943 27.1437755, 78.0321667 27.1360519, 78.0266895 27.1298793, 78.0266895 27.1296884, 78.0305595 27.1289318, 78.0316363 27.1288208, 78.0345136 27.1323363, 78.0369609 27.1306376, 78.0406522 27.1350014, 78.0414037 27.1345099, 78.0426163 27.1361738, 78.043287 27.1369293, 78.042764 27.1373835, 78.0440046 27.1386226, 78.0453544 27.1395095, 78.0463824 27.1400909, 78.0456742 27.1407782, 78.0454198 27.1413901, 78.0450336 27.1420058, 78.0450027 27.1425107, 78.0442788 27.1429537, 78.0437639 27.1434883, 78.0425319 27.1445853, 78.0419096 27.1448907, 78.0412874 27.1454063, 78.0398819 27.1461891))",Shamsabad
"POLYGON ((77.979721 27.1907674, 77.9807747 27.1908391, 77.9833067 27.1909918, 77.9851092 27.1906864, 77.9856671 27.1905337, 77.9900445 27.1898848, 77.9904736 27.189923, 77.990774 27.1906864, 77.992834 27.1908391, 77.9948081 27.1904574, 77.9969538 27.1916408, 77.9969538 27.1942365, 77.9955376 27.1975955, 77.9950656 27.1973665, 77.9935635 27.1979772, 77.9926623 27.1956488, 77.9913748 27.1960305, 77.9910315 27.1957633, 77.9894436 27.1952671, 77.9885424 27.1947327, 77.9879416 27.1950381, 77.9885853 27.1958015, 77.9871691 27.1963359, 77.9840363 27.1946563, 77.9830493 27.1951907, 77.9826201 27.1954198, 77.9815043 27.1939693, 77.9798497 27.1915309, 77.979721 27.1907674))",Alam Ganj
"POLYGON ((78.0533726 27.1474183, 78.0563955 27.1447555, 78.0609016 27.1424833, 78.0642951 27.1455254, 78.0625356 27.1492965, 78.0627287 27.1499456, 78.0627287 27.1507094, 78.0613125 27.1523896, 78.0620957 27.1530865, 78.0614734 27.1535542, 78.0609692 27.1556831, 78.0600218 27.1560396, 78.0612449 27.1577006, 78.0611838 27.1585851, 78.0537601 27.157831, 78.0510564 27.1576783, 78.0514427 27.1585947, 78.0501767 27.1589813, 78.0497904 27.1592868, 78.0494686 27.1596686, 78.0485244 27.1602795, 78.0478592 27.1610432, 78.0475159 27.1609327, 78.0469258 27.1600258, 78.0470024 27.159438, 78.0466683 27.1579353, 78.0465664 27.1570093, 78.0460997 27.1570857, 78.0459549 27.156637, 78.0456383 27.1553451, 78.0461748 27.1553164, 78.0461909 27.1547373, 78.0458637 27.1548042, 78.0451609 27.1549283, 78.0439217 27.1544891, 78.0445977 27.1529999, 78.0436496 27.1528082, 78.0435945 27.1517254, 78.0438413 27.1514772, 78.0437261 27.1514562, 78.0436107 27.1512629, 78.0438091 27.1510858, 78.0435623 27.1508281, 78.0439003 27.1504748, 78.0431171 27.1498495, 78.0425699 27.1500405, 78.0419906 27.1502696, 78.0415185 27.1495631, 78.0417545 27.1493627, 78.0420657 27.1491431, 78.0427416 27.1489999, 78.0448552 27.1469855, 78.0457349 27.1477492, 78.0465825 27.1477111, 78.0475588 27.1483125, 78.0481382 27.1481789, 78.0494686 27.1471669, 78.0519014 27.145499, 78.0533726 27.1474183))",Basai
"POLYGON ((77.9181812 27.2212463, 77.9170654 27.2184795, 77.9275152 27.2159034, 77.9391882 27.2129838, 77.9403246 27.2127136, 77.951748 27.2112714, 77.9503747 27.2157548, 77.9467548 27.2171753, 77.9422058 27.2174615, 77.9385016 27.2176208, 77.9349611 27.2192046, 77.9333088 27.2197579, 77.9273865 27.2208456, 77.9259488 27.2208837, 77.9212711 27.2210936, 77.9181812 27.2212463))",USIDC
"POLYGON ((77.985004 27.212686, 77.9876528 27.2126702, 77.9878459 27.2128038, 77.9891548 27.2127847, 77.9901634 27.2127274, 77.9899702 27.2151891, 77.9905174 27.2166584, 77.9917298 27.2165534, 77.9922877 27.2182135, 77.9932181 27.2193865, 77.9954205 27.2234132, 77.9958145 27.2245527, 77.9953639 27.2254304, 77.9950635 27.2254304, 77.9935966 27.2259414, 77.9930464 27.2261173, 77.9916302 27.2262699, 77.99148 27.2265752, 77.9907719 27.226766, 77.9901926 27.2266897, 77.9891841 27.226766, 77.9889266 27.2270522, 77.9886613 27.2270385, 77.9883472 27.226766, 77.9882185 27.2270332, 77.9876177 27.2273194, 77.982179 27.226937, 77.9799924 27.2231079, 77.9820524 27.2221538, 77.9833827 27.2210853, 77.9819021 27.2205319, 77.9813228 27.2204938, 77.9811297 27.2192344, 77.9816661 27.2187955, 77.9805718 27.2177079, 77.9815588 27.2172308, 77.9817305 27.2164294, 77.9821167 27.2158188, 77.9824171 27.2145593, 77.9831038 27.2142159, 77.98349 27.2148647, 77.9843483 27.214712, 77.985034 27.2138573, 77.985004 27.212686))",SuryaLok Colony
"POLYGON ((78.0205469 27.122597, 78.021396 27.120067, 78.025361 27.1209923, 78.0259618 27.1280203, 78.0266895 27.1296884, 78.0266895 27.1298793, 78.0301164 27.1336904, 78.0299233 27.1339769, 78.0284427 27.1343206, 78.0284641 27.1344925, 78.0280994 27.1348744, 78.0279277 27.1352563, 78.0276273 27.1353136, 78.0278633 27.1356382, 78.0278633 27.136192, 78.0277816 27.1364601, 78.027716 27.1367139, 78.0273483 27.1379679, 78.0270479 27.1386124, 78.0267582 27.1393905, 78.0264686 27.1401065, 78.0260823 27.1407558, 78.0255674 27.142818, 78.0257819 27.1451857, 78.0186721 27.1454503, 78.0168197 27.1451512, 78.0144234 27.1451448, 78.013895 27.1447868, 78.0205469 27.122597))",Madhuvan Colony
"POLYGON ((77.9996179 27.2185994, 77.9993765 27.2173877, 77.9994033 27.2170299, 77.9993604 27.2166483, 77.9992209 27.2159852, 77.9992752 27.2145673, 77.9995542 27.2141284, 77.9993396 27.2114759, 78.0024822 27.2116285, 78.00494 27.210873, 78.0052503 27.2116858, 78.0054219 27.2127926, 78.0063556 27.2148927, 78.0059801 27.2150454, 78.0052932 27.2158267, 78.0052505 27.2168248, 78.0047087 27.2181939, 78.0014149 27.2195439, 78.0009429 27.2183513, 78.0007068 27.2184229, 77.9996179 27.2185994))",Nagla Padi
"POLYGON ((78.0117307 27.2165529, 78.0102828 27.2169024, 78.0078366 27.2176275, 78.0067637 27.2156048, 78.0063556 27.2148927, 78.0054219 27.2127926, 78.0052503 27.2116858, 78.00494 27.210873, 78.0109932 27.2086027, 78.0165331 27.2086087, 78.0165545 27.2092957, 78.0167476 27.2103071, 78.0165116 27.211185, 78.0163185 27.2119673, 78.015782 27.2140473, 78.0163399 27.2151541, 78.0164943 27.2180985, 78.0151747 27.218213, 78.0150781 27.2183179, 78.0144988 27.2181939, 78.0135439 27.218337, 78.0134688 27.2182035, 78.0125247 27.2182702, 78.0122993 27.2176405, 78.0119989 27.2173162, 78.0117307 27.2165529))",New Agra Colony
"POLYGON ((78.0081518 27.1764068, 78.0087955 27.1753378, 78.0086024 27.1733334, 78.0092252 27.1713871, 78.0097446 27.1706799, 78.0120004 27.1724614, 78.0129445 27.1735495, 78.0135882 27.1750384, 78.0138672 27.1762792, 78.0145324 27.1776918, 78.0152834 27.1787035, 78.0164421 27.1794861, 78.0156696 27.1802687, 78.0152693 27.1805486, 78.0144753 27.1804533, 78.0128016 27.1807777, 78.0119433 27.1805582, 78.0090446 27.1813379, 78.0084652 27.179639, 78.0082506 27.1785892, 78.0083579 27.1781501, 78.0083794 27.1769475, 78.0081057 27.1766581, 78.0081518 27.1764068))",Chhipitola
"POLYGON ((77.9505481 27.2318232, 77.9515781 27.2289994, 77.9523935 27.227473, 77.9525222 27.2263282, 77.9531231 27.2254124, 77.9534664 27.2242294, 77.9538955 27.2235425, 77.9537602 27.2203296, 77.9534598 27.2147578, 77.9552623 27.2144524, 77.9568501 27.2134983, 77.9591676 27.212277, 77.9616996 27.2170476, 77.9620858 27.2186123, 77.962987 27.2184215, 77.9641457 27.2197572, 77.9657336 27.2223522, 77.9647895 27.2242222, 77.9640599 27.2246801, 77.9628154 27.2264737, 77.9616137 27.2273895, 77.9610558 27.2284961, 77.9606696 27.2293357, 77.9593392 27.2304804, 77.9589101 27.2313199, 77.9505481 27.2318232))",Bain Bazar
"POLYGON ((78.0360898 27.167697, 78.0384004 27.1666931, 78.0386794 27.1661585, 78.0388552 27.166108, 78.0394841 27.1654426, 78.0418122 27.1644022, 78.044005 27.1635116, 78.0448633 27.1632826, 78.0451422 27.1628625, 78.0461937 27.1626525, 78.0492432 27.1625609, 78.0510564 27.1623891, 78.0520863 27.1649378, 78.0510135 27.1650284, 78.05111 27.1654007, 78.0510403 27.1657634, 78.0510886 27.167157, 78.0512924 27.1672239, 78.0513139 27.1678348, 78.0491977 27.1693152, 78.0473309 27.1703078, 78.0454856 27.1709378, 78.0437046 27.1709951, 78.0436402 27.1689524, 78.0421489 27.1691911, 78.0413014 27.1689524, 78.0405611 27.1688761, 78.0404867 27.1710678, 78.0389209 27.1711405, 78.0387506 27.1705987, 78.0378923 27.1700642, 78.0374175 27.1693533, 78.0360898 27.167697))",Patola
"POLYGON ((78.0398403 27.2031686, 78.0415998 27.2025007, 78.0433593 27.2016227, 78.0451081 27.2022716, 78.0465994 27.2032259, 78.0482856 27.2046247, 78.0481569 27.2048919, 78.0552039 27.2084167, 78.0547104 27.2091227, 78.0527149 27.2101341, 78.0483911 27.21251, 78.0475006 27.2128344, 78.0470929 27.2128248, 78.0436597 27.2139698, 78.042321 27.2079898, 78.0418144 27.2062602, 78.0398403 27.2031686))",Trans Yamuna Colony
"POLYGON ((77.9883398 27.1867235, 77.9881682 27.1861509, 77.9883828 27.1856165, 77.9891552 27.1844712, 77.9890398 27.1826519, 77.990456 27.1820793, 77.9916147 27.1812012, 77.9923014 27.1808576, 77.9929451 27.1828046, 77.9948763 27.1856295, 77.996035 27.187271, 77.9966788 27.188798, 77.9969538 27.1916408, 77.9948081 27.1904574, 77.992834 27.1908391, 77.990774 27.1906864, 77.9904736 27.189923, 77.9898123 27.1898668, 77.9883398 27.1867235))",Sirki Mandi
"POLYGON ((77.9967875 27.1895794, 77.9966788 27.188798, 77.996035 27.187271, 77.9948763 27.1856295, 77.9929451 27.1828046, 77.9923014 27.1808576, 77.9929308 27.1809041, 77.9940609 27.1806792, 77.9972081 27.1809124, 78.001297 27.181096, 78.001052 27.181802, 78.001043 27.182915, 78.0015 27.1843, 78.0013 27.1858, 78.001137 27.1893991, 78.0001263 27.1893873, 77.9983239 27.1895017, 77.9967875 27.1895794))",Gokul Pura
"POLYGON ((77.9333642 27.1981632, 77.9316046 27.1933154, 77.9399323 27.1938334, 77.94048 27.1932114, 77.9452865 27.1924098, 77.9477756 27.1918754, 77.9497926 27.1912646, 77.9521529 27.1908447, 77.9539125 27.190692, 77.9549424 27.1907684, 77.9572599 27.1909974, 77.9583796 27.191537, 77.9557403 27.1949725, 77.9542558 27.1967232, 77.9513375 27.1984408, 77.9451148 27.202296, 77.9388776 27.2018631, 77.9389861 27.2011404, 77.9356387 27.1983159, 77.9333642 27.1981632))",Dahtaura
"POLYGON ((77.9839202 27.2100393, 77.9835554 27.2071959, 77.9843279 27.2070432, 77.9856153 27.2066234, 77.9850145 27.20586, 77.9844995 27.204715, 77.9835554 27.204944, 77.9831262 27.2038371, 77.9935117 27.1991423, 77.9941984 27.1986843, 77.9949709 27.2000584, 77.9947992 27.2007836, 77.9955717 27.2043715, 77.9983183 27.2064707, 78.0019231 27.2059745, 78.0038543 27.2062799, 78.003742 27.2071151, 78.00494 27.2108921, 78.0024822 27.2116476, 77.9993396 27.211495, 77.996 27.2110191, 77.9940028 27.2109507, 77.9896255 27.2106263, 77.9839202 27.2100393))",Khandari
"POLYGON ((78.0484982 27.2293623, 78.047342 27.225259, 78.0461761 27.2227275, 78.0457553 27.2208579, 78.0468925 27.2208006, 78.0480512 27.2204762, 78.0482014 27.2206671, 78.0526861 27.2184727, 78.0529221 27.2188925, 78.0557956 27.217532, 78.0582919 27.219453, 78.0621173 27.2221924, 78.0594137 27.2247874, 78.0539485 27.2276832, 78.0484982 27.2293623))",D Block 
"POLYGON ((78.0162382 27.192477, 78.017237 27.1919326, 78.0190824 27.1917226, 78.0200051 27.1918753, 78.0228804 27.1915509, 78.0227516 27.1911691, 78.0230735 27.1910737, 78.0253051 27.1903866, 78.0260025 27.1902148, 78.0263565 27.1913791, 78.0267213 27.1927533, 78.0270592 27.193612, 78.0275688 27.1942798, 78.0266676 27.1947379, 78.0263672 27.1957303, 78.0251273 27.1968334, 78.0245265 27.1969479, 78.0244622 27.1972532, 78.0230459 27.1978449, 78.0220103 27.1961987, 78.0209803 27.1948818, 78.0181264 27.1931259, 78.0171394 27.1929923, 78.0162382 27.192477))",Belanganj
"POLYGON ((78.0349019 27.1500566, 78.038775 27.1471543, 78.0387536 27.1474885, 78.038936 27.1477463, 78.039408 27.1497893, 78.0398694 27.1508681, 78.0412734 27.1528434, 78.0412359 27.1536549, 78.0412305 27.1543708, 78.0418635 27.155946, 78.0420083 27.1576563, 78.0416006 27.1572172, 78.041386 27.1577327, 78.0403132 27.1575608, 78.0403561 27.1571599, 78.0400128 27.1571408, 78.0384303 27.1575497, 78.0371428 27.1580652, 78.0367137 27.1580079, 78.0358124 27.1579888, 78.0349019 27.1500566))",Shaheed Nagar
"POLYGON ((78.048372 27.2350469, 78.0466125 27.2349706, 78.0466125 27.2345508, 78.0444667 27.2337114, 78.0440805 27.2334061, 78.0439088 27.2326048, 78.0407331 27.2321087, 78.0386731 27.2313837, 78.038244 27.2307731, 78.0354116 27.23001, 78.0358407 27.2262703, 78.0363986 27.2228358, 78.0378148 27.2183326, 78.0381152 27.2155466, 78.0380294 27.2101272, 78.0382869 27.2039823, 78.0398403 27.2031686, 78.0418144 27.2062602, 78.042321 27.2079898, 78.0426643 27.2102417, 78.0437372 27.2143635, 78.0449817 27.2185616, 78.0457553 27.2208579, 78.0461833 27.2226831, 78.0475137 27.2253544, 78.0490157 27.2306968, 78.0486295 27.2321469, 78.048372 27.2350469))",Foundry Nagar
"POLYGON ((78.0457553 27.2208579, 78.0436597 27.2139698, 78.0470929 27.2128248, 78.0475006 27.2128344, 78.0547104 27.2091227, 78.0552039 27.2084167, 78.0585083 27.2100702, 78.0583367 27.210948, 78.0585083 27.2148409, 78.0584225 27.2152225, 78.0580148 27.2152416, 78.0569848 27.2159858, 78.0569634 27.2164247, 78.0562123 27.21673, 78.0565557 27.2171307, 78.0555632 27.2176412, 78.0529221 27.2188925, 78.0526861 27.2184727, 78.0513227 27.2191414, 78.0507728 27.2194109, 78.0494871 27.220039, 78.0482014 27.2206671, 78.0480512 27.2204762, 78.0468925 27.2208006, 78.0457553 27.2208579))",Naraich
"POLYGON ((78.0305165 27.1938522, 78.0291861 27.1905694, 78.0301732 27.1901686, 78.0311817 27.1906505, 78.0321043 27.1915142, 78.0330056 27.1931651, 78.0332201 27.1935468, 78.0348938 27.1942721, 78.0371025 27.1949922, 78.0394628 27.1968244, 78.0419749 27.1982037, 78.0442496 27.1989758, 78.0464812 27.199701, 78.0474703 27.2002735, 78.0433593 27.2016227, 78.0415998 27.2025007, 78.0398403 27.2031686, 78.0378979 27.2040817, 78.0359238 27.2047306, 78.0345505 27.2019825, 78.0336493 27.2004557, 78.0331343 27.2003793, 78.0318468 27.1974403, 78.0306023 27.1957607, 78.0308169 27.1951118, 78.0305165 27.1938522))",Katra Wazir Khan
"POLYGON ((77.953336 27.2038145, 77.9557403 27.1949725, 77.9583796 27.191537, 77.9620703 27.188655, 77.9647311 27.1895711, 77.9694517 27.1903346, 77.9692372 27.191098, 77.9685923 27.192416, 77.9683133 27.1930267, 77.9663821 27.1923205, 77.9596659 27.1936566, 77.960374 27.1964049, 77.95943 27.1967531, 77.957799 27.2047497, 77.953336 27.2038145))",Nirala
"POLYGON ((78.0263481 27.1753138, 78.0267129 27.1753616, 78.0275819 27.1749846, 78.0289444 27.1742449, 78.0300387 27.1738057, 78.0332145 27.1733476, 78.0360469 27.1723932, 78.0391368 27.1717059, 78.0389209 27.1711405, 78.0404867 27.1710678, 78.0405611 27.1688761, 78.0413014 27.1689524, 78.0421489 27.1691911, 78.0436402 27.1689524, 78.0437046 27.1709951, 78.0454856 27.1709378, 78.0480734 27.1700296, 78.044785 27.17418, 78.045815 27.174372, 78.0456701 27.1768254, 78.0431381 27.1760237, 78.0354563 27.1756037, 78.0330959 27.1764818, 78.0311647 27.1774744, 78.030521 27.1773599, 78.0291477 27.1778944, 78.0277744 27.1791542, 78.0256716 27.1811394, 78.024942 27.1826283, 78.0248133 27.1841171, 78.023509 27.1840417, 78.0234018 27.1831638, 78.0242815 27.1789835, 78.0263481 27.1753138))",Dharmapuri
"POLYGON ((78.0132513 27.1453023, 78.0140382 27.1452705, 78.0144234 27.1451257, 78.0168197 27.1451321, 78.0187294 27.1453994, 78.0186721 27.1454312, 78.0228065 27.145323, 78.0257819 27.1451666, 78.0280422 27.1452276, 78.0321904 27.1450875, 78.0343078 27.1451703, 78.0350452 27.1507312, 78.0342307 27.1520798, 78.0339303 27.153569, 78.0336299 27.1542182, 78.0314412 27.1560892, 78.0299391 27.1585712, 78.0288233 27.1609386, 78.0257472 27.1616071, 78.0241652 27.1620419, 78.0175212 27.1630848, 78.0090161 27.164371, 78.0070849 27.1643328, 78.0059691 27.1636074, 77.9985448 27.1629392, 77.9967423 27.1656119, 77.9906483 27.1636074, 77.9882106 27.1493388, 77.98979 27.1510448, 77.9928799 27.1505101, 77.9922791 27.1474552, 78.0035229 27.1457749, 78.0093031 27.1454932, 78.0132513 27.1453023))",Agra Cantt
"POLYGON ((78.0165403 27.2086031, 78.0159889 27.2061935, 78.015946 27.2038271, 78.0163725 27.2023046, 78.0174454 27.1998236, 78.0201062 27.1993274, 78.0205782 27.2005107, 78.0205353 27.2019611, 78.0207928 27.203068, 78.0224665 27.20261, 78.02296 27.2026481, 78.0233999 27.202505, 78.0242689 27.202171, 78.0246337 27.2031252, 78.0251165 27.2043371, 78.0256852 27.2076863, 78.0208786 27.2083733, 78.0165403 27.2086031))",Vijayanagar Colony
"POLYGON ((77.9972081 27.1809124, 77.9973072 27.1801735, 77.9957837 27.1752486, 77.9981064 27.1748255, 78.0027842 27.1751692, 78.0042595 27.1757068, 78.0054879 27.1759709, 78.0062603 27.176429, 78.0081057 27.1766581, 78.0083794 27.1769475, 78.0083579 27.1781501, 78.0082506 27.1785892, 78.0084652 27.179639, 78.0090446 27.1813379, 78.0079717 27.1818342, 78.0069203 27.1820441, 78.0061907 27.1825404, 78.0042595 27.1827122, 78.001043 27.182915, 78.001052 27.181802, 78.001297 27.181096, 77.9973501 27.1808798, 77.9972081 27.1809124))",Panchkuian
"POLYGON ((78.0484982 27.2293623, 78.0539485 27.2276832, 78.0584117 27.2353722, 78.0515453 27.2378143, 78.0512449 27.2368604, 78.0481979 27.2372801, 78.0486295 27.2321469, 78.0490157 27.2306968, 78.0484982 27.2293623))",Tedi Baghiya
"POLYGON ((78.025361 27.1209923, 78.05354 27.128968, 78.0541684 27.1294849, 78.0512533 27.1333309, 78.0463824 27.1400909, 78.0440046 27.1386226, 78.042764 27.1373835, 78.043287 27.1371202, 78.0414037 27.1345099, 78.0406522 27.1350014, 78.0369609 27.1306376, 78.0345136 27.1323363, 78.0316363 27.1288208, 78.0266895 27.1296884, 78.0259618 27.1280203, 78.025361 27.1209923))",Kalika Nagla
"POLYGON ((77.9797478 27.1907292, 77.9797478 27.1898131, 77.9803057 27.1896222, 77.979147 27.1868737, 77.9807348 27.1864156, 77.9812927 27.185843, 77.9812498 27.1845451, 77.9805953 27.182789, 77.9825463 27.1819517, 77.9834904 27.1825243, 77.9842951 27.1828583, 77.9850139 27.1829633, 77.9857649 27.1834405, 77.9856791 27.1840513, 77.9861512 27.185731, 77.9870953 27.185731, 77.9876103 27.1869144, 77.9883398 27.1867235, 77.9898123 27.1898668, 77.985136 27.1906482, 77.9833067 27.1909918, 77.9797478 27.1907292))",Jaipur House Colony
"POLYGON ((78.0557956 27.217532, 78.0565557 27.2171307, 78.0562123 27.21673, 78.0569634 27.2164247, 78.0569848 27.2159858, 78.0580148 27.2152416, 78.0584225 27.2152225, 78.0585083 27.2148409, 78.0583367 27.210948, 78.0585083 27.2100702, 78.0593648 27.2104271, 78.0657055 27.2112572, 78.0697932 27.2118011, 78.0725827 27.212946, 78.0737844 27.2142436, 78.0696216 27.2198537, 78.0690637 27.2206933, 78.0676475 27.2218382, 78.0657651 27.2242532, 78.0637481 27.2226504, 78.0627182 27.2225359, 78.0621173 27.2221924, 78.0584636 27.2195484, 78.0557956 27.217532))",Nagla Rambal
"POLYGON ((77.9687789 27.1920635, 77.9692372 27.191098, 77.9694517 27.1903346, 77.9798765 27.1914927, 77.9828677 27.1955537, 77.981666 27.1962408, 77.9805073 27.1952102, 77.9764089 27.1974432, 77.9754308 27.195957, 77.9727271 27.1947546, 77.9719761 27.1941057, 77.9714611 27.1938957, 77.9701307 27.192407, 77.9700985 27.1919681, 77.9687789 27.1920635))",Jagdish Pura
"POLYGON ((77.9364981 27.2250749, 77.9361118 27.2237965, 77.9360689 27.2229951, 77.9361333 27.2228615, 77.9364123 27.2227661, 77.9365839 27.2224036, 77.9369058 27.2226516, 77.9383434 27.221793, 77.9384722 27.2215259, 77.9381074 27.2210107, 77.9379787 27.2207435, 77.9379572 27.2201902, 77.9377855 27.2196368, 77.9379787 27.2195987, 77.9401244 27.2191407, 77.9411544 27.218969, 77.9422917 27.218969, 77.9422058 27.2174615, 77.9439868 27.2174424, 77.9467548 27.2171753, 77.9468407 27.2182057, 77.9467978 27.2191979, 77.9466261 27.2199994, 77.9466046 27.2205718, 77.9466476 27.2218502, 77.946669 27.222728, 77.9468192 27.2237583, 77.9470982 27.224388, 77.946433 27.2245406, 77.9454245 27.2245979, 77.9445018 27.2247124, 77.9435577 27.2248459, 77.9425921 27.2248841, 77.9422273 27.2245216, 77.9412617 27.2248078, 77.940339 27.2250749, 77.9397167 27.2251894, 77.9388799 27.2252657, 77.9388584 27.2255519, 77.9367985 27.2259717, 77.9364981 27.2250749))",Mahadev Pur
"POLYGON ((78.0612374 27.1586137, 78.0612374 27.1575827, 78.0600218 27.1560396, 78.0610228 27.1557117, 78.0614734 27.1535542, 78.061527 27.1535828, 78.0620957 27.1530865, 78.0613661 27.1524182, 78.0627823 27.150738, 78.0627823 27.1499742, 78.0625892 27.1493251, 78.0643487 27.145554, 78.0699492 27.1505566, 78.0712366 27.1518549, 78.0733609 27.1541079, 78.0711723 27.1560935, 78.0717731 27.1569336, 78.0741763 27.1584609, 78.0711079 27.1594728, 78.0672455 27.1602555, 78.0631471 27.1609237, 78.0613661 27.161191, 78.0614305 27.1597592, 78.0612374 27.1586137))",Tora
"POLYGON ((78.0433593 27.2016227, 78.0446594 27.2011706, 78.0474703 27.2002735, 78.0485432 27.2008461, 78.0495732 27.2014568, 78.0522339 27.20264, 78.0543797 27.2032889, 78.0529205 27.2055026, 78.0494015 27.2038232, 78.0485861 27.2039759, 78.0482856 27.2046247, 78.0465994 27.2032259, 78.0451081 27.2022716, 78.0433593 27.2016227))",Nunihai
"POLYGON ((77.9620703 27.188655, 77.9661096 27.1860339, 77.9709592 27.1834787, 77.9721822 27.183982, 77.9760875 27.1843065, 77.9760231 27.1845355, 77.9740704 27.1856998, 77.9723967 27.1864633, 77.9724182 27.1868642, 77.9723324 27.1872268, 77.9724397 27.1882957, 77.9723538 27.1898799, 77.9725684 27.1906815, 77.9694517 27.1903346, 77.9647311 27.1895711, 77.9620703 27.188655))",Sulahkul Nagar
"POLYGON ((78.0093031 27.1455123, 78.0080554 27.1371406, 78.0075833 27.1340853, 78.007565 27.1331196, 78.0043034 27.1240294, 78.0076508 27.1237238, 78.0078654 27.1229981, 78.0093245 27.1227689, 78.0146031 27.1214703, 78.0175643 27.1204008, 78.019238 27.1199042, 78.021396 27.120067, 78.0205469 27.122597, 78.013895 27.1447868, 78.0144234 27.1451448, 78.0140382 27.1452896, 78.0093031 27.1455123))",Gopal Pura
"POLYGON ((77.9728474 27.1719492, 77.9776686 27.1714106, 77.9813959 27.1715754, 77.9849213 27.1716779, 77.9872816 27.1717924, 77.9902857 27.1718306, 77.9886056 27.1737134, 77.9890265 27.1776759, 77.985722 27.1762252, 77.9834046 27.1750798, 77.9789414 27.1740108, 77.9728474 27.1719492))",GyasPura
"POLYGON ((77.920754 27.192329, 77.9217362 27.177762, 77.9283881 27.1793272, 77.9401898 27.1826104, 77.9398035 27.183832, 77.9399323 27.1938334, 77.9316046 27.1933154, 77.920754 27.192329))",Manghatai
"POLYGON ((78.0514963 27.1586233, 78.05111 27.1577069, 78.0538137 27.1578596, 78.058706 27.1585088, 78.0612374 27.1586137, 78.0614305 27.1597592, 78.0613661 27.161191, 78.0639417 27.1608379, 78.0646713 27.1627471, 78.0635555 27.1657634, 78.0642421 27.1664507, 78.0635984 27.167138, 78.0635662 27.1675007, 78.0627508 27.1683025, 78.0628688 27.1683597, 78.0624504 27.1691902, 78.0618496 27.1699156, 78.0586309 27.1727981, 78.0562706 27.1719582, 78.0545111 27.170011, 78.0513139 27.1678348, 78.0512924 27.1672239, 78.0510886 27.167157, 78.0510403 27.1657634, 78.05111 27.1654007, 78.0510135 27.1650284, 78.0520863 27.1649378, 78.0510564 27.1623891, 78.0492432 27.1625609, 78.0493934 27.1618927, 78.0490501 27.16195, 78.0479128 27.1610718, 78.048578 27.1603081, 78.0495222 27.1596972, 78.049844 27.1593154, 78.0502303 27.1590099, 78.0514963 27.1586233))",Dhandhupura
"POLYGON ((77.981637 27.1542316, 77.9877739 27.1511386, 77.9883748 27.1505276, 77.9906483 27.1636265, 77.9840831 27.1617435, 77.9827527 27.1552522, 77.9812936 27.1549085, 77.981637 27.1542316))",Rasulpur
"POLYGON ((78.0481569 27.2048919, 78.0485861 27.2039759, 78.0494015 27.2038232, 78.0514185 27.2047393, 78.0529205 27.2055026, 78.0543797 27.2032889, 78.0583708 27.2050034, 78.0628769 27.2076751, 78.063821 27.2085911, 78.0656235 27.2092781, 78.0697932 27.2118011, 78.0593648 27.2104271, 78.0585083 27.2100702, 78.0552039 27.2084167, 78.0481569 27.2048919))",Trans Yamuna Colony Phase 2
"POLYGON ((78.0251093 27.2043427, 78.0242617 27.2021766, 78.0229528 27.2026537, 78.0224593 27.2026156, 78.0207856 27.2030736, 78.0205281 27.2019667, 78.020571 27.2005163, 78.020099 27.199333, 78.0219301 27.1988946, 78.0224022 27.198551, 78.0230459 27.1978449, 78.0244622 27.1972532, 78.0245265 27.1969479, 78.0251273 27.1968334, 78.0276593 27.2016809, 78.0277231 27.2029591, 78.0251093 27.2043427))",Ratan Pura
"POLYGON ((78.0584117 27.2353722, 78.0539485 27.2276832, 78.0594137 27.2247874, 78.0621173 27.2221924, 78.0627182 27.2225359, 78.0637481 27.2226504, 78.0657651 27.2242532, 78.0658939 27.226352, 78.0646494 27.2289469, 78.0637052 27.2309694, 78.062289 27.2329536, 78.0610445 27.2344799, 78.0584117 27.2353722))",Gulab Nagar
"POLYGON ((77.9399323 27.1938334, 77.9398035 27.183832, 77.9401898 27.1826104, 77.9620703 27.188655, 77.9583796 27.191537, 77.9572599 27.1909974, 77.9539125 27.190692, 77.9497926 27.1912646, 77.9477756 27.1918754, 77.94048 27.1932114, 77.9399323 27.1938334))",Verma Dairy
"POLYGON ((78.0757945 27.2085912, 78.0437773 27.1945011, 78.0442923 27.1936995, 78.0440777 27.1932033, 78.0461377 27.192707, 78.0465239 27.1917145, 78.0475968 27.1914092, 78.0487126 27.1917145, 78.0504721 27.1914092, 78.0518883 27.1914092, 78.0531758 27.1903785, 78.0542916 27.1900349, 78.0560511 27.1896914, 78.0596131 27.1934323, 78.0613727 27.1940431, 78.0634326 27.1945775, 78.0674237 27.1963715, 78.0724019 27.1984327, 78.0796116 27.2012955, 78.0751056 27.2024405, 78.0739469 27.2044635, 78.0757945 27.2085912))",Nagla Balchand
"POLYGON ((78.0109932 27.2086027, 78.0109364 27.2053976, 78.0105073 27.2036419, 78.0116044 27.20368, 78.0125914 27.2030694, 78.0126906 27.2025843, 78.0133263 27.2021144, 78.0157457 27.2004739, 78.0157125 27.2000515, 78.0174382 27.1998292, 78.0159388 27.2038327, 78.0159817 27.2061991, 78.0165331 27.2086087, 78.0109932 27.2086027))",Gandhi Nagar
"POLYGON ((77.9703477 27.1432948, 77.9678842 27.1423328, 77.9649659 27.1427911, 77.9605886 27.1427911, 77.9538079 27.1411108, 77.9510614 27.1414927, 77.9442807 27.1359932, 77.951233 27.1326323, 77.956297 27.1285074, 77.9611036 27.1276672, 77.9819604 27.1265213, 77.9844239 27.1350075, 77.9786732 27.136917, 77.9784157 27.1364969, 77.9744246 27.1373753, 77.9759267 27.1401632, 77.97524 27.1403924, 77.9756692 27.1418818, 77.9703477 27.1432948))",Dhanauli
"POLYGON ((77.9552254 27.1867708, 77.9547963 27.1812354, 77.9566845 27.181159, 77.9590449 27.1816172, 77.9627571 27.182228, 77.9626712 27.1828769, 77.9624996 27.183316, 77.9627142 27.1837932, 77.963036 27.1845376, 77.9632935 27.1853774, 77.9633793 27.1866944, 77.9634223 27.1877251, 77.9620703 27.188655, 77.9552254 27.1867708))",Gular ka Nagla
"POLYGON ((77.9686385 27.2174609, 77.9691105 27.2169266, 77.9685526 27.2165068, 77.9711276 27.2157436, 77.9708272 27.2149039, 77.9707842 27.2108966, 77.9759576 27.209595, 77.977803 27.209595, 77.979305 27.212801, 77.9793479 27.2157492, 77.9794874 27.2162262, 77.9797663 27.2175524, 77.9798093 27.2180772, 77.9764726 27.2186687, 77.9761078 27.2183443, 77.9748096 27.2178673, 77.9735329 27.2186592, 77.9743483 27.2205292, 77.9710438 27.2211397, 77.9705288 27.2209108, 77.9686385 27.2174609))",Kakraita
"POLYGON ((77.9932181 27.2193865, 77.9922877 27.2182135, 77.9917298 27.2165534, 77.9938097 27.2163701, 77.9937668 27.2159312, 77.9951186 27.2161029, 77.9953547 27.2135459, 77.9960413 27.2134505, 77.9958053 27.2119811, 77.996 27.211, 77.9993396 27.2114759, 77.9995542 27.2141284, 77.9992752 27.2145673, 77.9992209 27.2159852, 77.9972951 27.2177121, 77.9972092 27.217984, 77.996882 27.2179459, 77.9964797 27.21786, 77.9932181 27.2193865))",Kaushalpura
"POLYGON ((77.9736981 27.2015728, 77.9722615 27.1996303, 77.9681417 27.2019204, 77.9671975 27.2005845, 77.967691 27.1948972, 77.9683133 27.1930267, 77.9687789 27.1920635, 77.9700985 27.1919681, 77.9701307 27.192407, 77.9714611 27.1938957, 77.9719761 27.1941057, 77.9727271 27.1947546, 77.9734352 27.1951363, 77.9754308 27.195957, 77.9753449 27.1960906, 77.9776838 27.1992397, 77.9736981 27.2015728))",Nagla Anita
"POLYGON ((77.9951261 27.2021874, 77.9948314 27.2008218, 77.9950031 27.2000966, 77.9942306 27.1987225, 77.9954208 27.1975502, 77.9955376 27.1975955, 77.9962538 27.1959017, 77.9970128 27.1942556, 77.9969868 27.1927074, 77.9975018 27.1936426, 77.9982528 27.1943106, 77.9988965 27.1946923, 78.0006561 27.195074, 78.0013856 27.1949786, 78.0018888 27.1966909, 78.0031299 27.1991529, 78.0010485 27.1999163, 78.0001687 27.2002598, 77.9986237 27.2009087, 77.9970573 27.2014049, 77.9960703 27.2018629, 77.9951261 27.2021874))",Professors Colony
"POLYGON ((78.0370825 27.1902792, 78.0342072 27.18692, 78.0326622 27.1850876, 78.0310744 27.1845913, 78.0296152 27.184515, 78.029744 27.1834079, 78.0310744 27.1815755, 78.0324477 27.1800866, 78.0343788 27.1788268, 78.0366534 27.1778723, 78.0380267 27.1776815, 78.0396145 27.1771852, 78.0417174 27.1771852, 78.0436486 27.1775669, 78.0447644 27.1779487, 78.0465668 27.1791322, 78.0481547 27.180163, 78.0493134 27.1811937, 78.046481 27.1840951, 78.0445927 27.1870727, 78.0442923 27.1869963, 78.0427044 27.1874162, 78.0409449 27.1873781, 78.0396145 27.1875689, 78.0397433 27.1881797, 78.0370825 27.1902792))",Nagla Devjit 
"POLYGON ((77.9367116 27.2121708, 77.9376759 27.2073593, 77.9469027 27.2057944, 77.9499497 27.2057181, 77.952825 27.2062906, 77.9520097 27.2100309, 77.9367116 27.2121708))",Rishipuram Colony
"POLYGON ((77.94467 27.163524, 77.947293 27.153341, 77.950028 27.148559, 77.956796 27.141924, 77.9605886 27.1427911, 77.965752 27.1425048, 77.9678842 27.1423328, 77.9703477 27.1432948, 77.97421 27.145968, 77.97368 27.1466873, 77.9748816 27.1472792, 77.9762628 27.1492839, 77.9792454 27.1517279, 77.981637 27.1542316, 77.9812936 27.1549085, 77.9827527 27.1552522, 77.9840831 27.1617435, 77.9812305 27.1607963, 77.9768103 27.1714106, 77.9728474 27.1719492, 77.9720538 27.1715576, 77.9517548 27.1654488, 77.94467 27.163524))",Agra Airport
"POLYGON ((77.9709592 27.1834787, 77.9773106 27.1799665, 77.979113 27.1806919, 77.9800143 27.1830206, 77.9760875 27.1843065, 77.9721822 27.183982, 77.9709592 27.1834787))",Pandav Nagar
"POLYGON ((77.9503747 27.2157548, 77.951748 27.2112714, 77.9648801 27.209554, 77.9651623 27.2097898, 77.9591676 27.212277, 77.9552623 27.2144524, 77.9534598 27.2147578, 77.9506751 27.2156403, 77.9503747 27.2157548))",Bajrang Nagar
"POLYGON ((77.9591676 27.212277, 77.9651623 27.2097898, 77.9707842 27.2108966, 77.970795 27.2124423, 77.9708272 27.2149039, 77.9711276 27.2157436, 77.9685526 27.2165068, 77.9691105 27.2169266, 77.9686385 27.2174609, 77.9619008 27.2175373, 77.9591676 27.212277))",Maharishi Puram Colony
"POLYGON ((78.0035229 27.145794, 78.0023249 27.1426306, 77.9996439 27.1396994, 78.0034634 27.1392412, 78.0035278 27.1378854, 78.0080554 27.1371406, 78.0093031 27.1455123, 78.0035229 27.145794))",Madhu Nagar
"POLYGON ((78.0101871 27.1948818, 78.0104017 27.1941565, 78.0113887 27.1943474, 78.0133199 27.1938512, 78.0146074 27.1932786, 78.0156803 27.1927823, 78.0162382 27.192477, 78.0171394 27.1929923, 78.0181264 27.1931259, 78.0194354 27.1938512, 78.0209803 27.1948818, 78.0220103 27.1961987, 78.0230459 27.1978449, 78.0224022 27.198551, 78.0219301 27.1988946, 78.020099 27.199333, 78.0174382 27.1998292, 78.0157125 27.2000515, 78.0156374 27.199782, 78.0151438 27.199281, 78.0148756 27.1985509, 78.0153369 27.1978209, 78.0136418 27.1964277, 78.0101871 27.1948818))",Gadhapura
"POLYGON ((78.0351746 27.1523566, 78.0358768 27.1579506, 78.035611 27.1618772, 78.0346239 27.1612663, 78.0305108 27.1606716, 78.0288233 27.1609577, 78.0293381 27.159583, 78.0299391 27.1585903, 78.0314412 27.1561083, 78.0336299 27.1542373, 78.0339303 27.1535881, 78.0342307 27.1520989, 78.0350452 27.1507503, 78.0351746 27.1523566))",Vibhav Nagar
"POLYGON ((77.9696866 27.2085616, 77.9708882 27.2079128, 77.9761668 27.2049357, 77.9803512 27.202766, 77.9821921 27.2021114, 77.9890891 27.1997979, 77.9935903 27.197939, 77.9950924 27.1973283, 77.9953886 27.1974929, 77.9941984 27.1986652, 77.9935117 27.1991232, 77.9831262 27.203818, 77.9696866 27.2085616))",Kailashpuri
"POLYGON ((78.0321904 27.1451066, 78.0289432 27.1452035, 78.0257819 27.1451857, 78.0255674 27.142818, 78.0260823 27.1407558, 78.0264686 27.1401065, 78.0271123 27.1384453, 78.0273483 27.1379679, 78.0278633 27.136192, 78.0278633 27.1356382, 78.0276273 27.1353136, 78.0279277 27.1352563, 78.0280994 27.1348744, 78.0284641 27.1344925, 78.0284427 27.1343206, 78.0299233 27.1339769, 78.0301164 27.1336904, 78.0321667 27.1360519, 78.0340431 27.1432571, 78.0341969 27.1442996, 78.0343078 27.1451894, 78.0324767 27.1450521, 78.0321904 27.1451066))",Sainik Nagar
"POLYGON ((77.9627571 27.182228, 77.9566845 27.181159, 77.9547963 27.1812354, 77.953793 27.173629, 77.9600561 27.172943, 77.9728474 27.1719492, 77.9722143 27.1742398, 77.970809 27.1786685, 77.9670324 27.1791266, 77.9682126 27.1828679, 77.9627571 27.182228))",Kala Kunj
"POLYGON ((77.9890265 27.1776759, 77.9888796 27.1761236, 77.9914975 27.1760854, 77.9957837 27.1752486, 77.9973072 27.1801735, 77.9972081 27.1809124, 77.9894952 27.1776815, 77.9890265 27.1776759))",Sadar Tehsil Agra
"POLYGON ((77.9890891 27.1997979, 77.9871959 27.1962977, 77.9886121 27.1957633, 77.9879684 27.1949999, 77.9885692 27.1946945, 77.9894704 27.1952289, 77.9910583 27.1957251, 77.9914016 27.1959923, 77.9926891 27.1956106, 77.9935903 27.197939, 77.9890891 27.1997979))",Bilochpura
"POLYGON ((78.0320054 27.2442321, 78.0321342 27.2422481, 78.0321771 27.2391193, 78.0321342 27.2369444, 78.0325633 27.2342734, 78.03325 27.2319839, 78.0337221 27.2304194, 78.033765 27.2295799, 78.0354116 27.23001, 78.038244 27.2307731, 78.0386731 27.2313837, 78.0407331 27.2321087, 78.0439088 27.2326048, 78.0441934 27.2336629, 78.0466125 27.2345508, 78.0466125 27.2349706, 78.048372 27.2350469, 78.0481979 27.2372801, 78.0512449 27.2368604, 78.0515453 27.2378143, 78.0534202 27.2427823, 78.048276 27.247482, 78.042623 27.247548, 78.034618 27.2443459, 78.0320054 27.2442321))",Nagla
"POLYGON ((78.0420083 27.1576563, 78.0418635 27.155946, 78.0412305 27.1543708, 78.0412734 27.1528434, 78.0397943 27.1508203, 78.0393329 27.1497415, 78.0388699 27.14782, 78.0386785 27.1474407, 78.038775 27.1471543, 78.0398819 27.1461891, 78.0409548 27.1465901, 78.0414697 27.1466474, 78.0426928 27.14638, 78.0434868 27.1459982, 78.0448337 27.1469377, 78.0427201 27.1489521, 78.0420442 27.1490953, 78.041497 27.1495153, 78.0419691 27.1502218, 78.0430956 27.1498017, 78.0434189 27.1500826, 78.0438788 27.150427, 78.0435408 27.1507803, 78.0437876 27.151038, 78.0435892 27.1512151, 78.0438198 27.1514294, 78.043573 27.1516776, 78.0436281 27.1527604, 78.0445762 27.1529521, 78.0439002 27.1544413, 78.0431534 27.1565772, 78.0426813 27.1574936, 78.0420083 27.1576563))",Bank Colony
"POLYGON ((78.0284509 27.1610534, 78.0305108 27.1606716, 78.0346239 27.1612663, 78.0355466 27.161944, 78.0366048 27.1625044, 78.0376777 27.1621607, 78.0397952 27.1620349, 78.0360898 27.167697, 78.0371198 27.168957, 78.0378923 27.1700642, 78.0387506 27.1705987, 78.0391368 27.1717059, 78.0360469 27.1723932, 78.0332145 27.1733476, 78.0300387 27.1738057, 78.0289444 27.1742449, 78.0275819 27.1749846, 78.0267129 27.1753616, 78.0263481 27.1753138, 78.0248031 27.175142, 78.025361 27.1737676, 78.0265197 27.173004, 78.0272922 27.1726986, 78.0273351 27.1693006, 78.0264768 27.1689188, 78.0265197 27.1680789, 78.0260906 27.1680407, 78.0259189 27.1672007, 78.0254039 27.1671625, 78.0257472 27.1616262, 78.0284509 27.1610534))",Khairati Tola
"POLYGON ((78.0332201 27.1935468, 78.0321043 27.1915142, 78.0313402 27.1906708, 78.0301732 27.1901686, 78.0291861 27.1905694, 78.0288122 27.1894806, 78.0352066 27.189557, 78.0391624 27.1921675, 78.0375531 27.1946105, 78.0371025 27.1949922, 78.0348938 27.1942721, 78.0332201 27.1935468))",Yamuna Bridge
"POLYGON ((78.0354983 27.1619456, 78.0357641 27.158019, 78.0367137 27.1580079, 78.0370945 27.1580954, 78.0382532 27.1575513, 78.0400128 27.1571408, 78.0403561 27.1571599, 78.0403132 27.1575608, 78.041386 27.1577327, 78.0416006 27.1572172, 78.0420083 27.1576563, 78.0426813 27.1574936, 78.0431534 27.1565772, 78.043927 27.1545193, 78.0451662 27.1549585, 78.0461963 27.1547675, 78.0461748 27.1553164, 78.0456383 27.1553451, 78.0461051 27.1571159, 78.0465718 27.1570395, 78.0466737 27.1579655, 78.0457713 27.1583337, 78.0397469 27.1620365, 78.0376294 27.1621623, 78.0365565 27.162506, 78.0354983 27.1619456))",Baldev Nagar
"POLYGON ((78.00494 27.210873, 78.003742 27.207096, 78.0038543 27.2062608, 78.0041558 27.2055121, 78.0056149 27.2061991, 78.0053575 27.2071915, 78.0064733 27.2072678, 78.0065162 27.2063136, 78.0074174 27.2051304, 78.0074067 27.2044053, 78.0090911 27.2042526, 78.0105073 27.2036419, 78.0107326 27.2045913, 78.0109364 27.2053976, 78.0109932 27.2086027, 78.00494 27.210873))",Nehru Nagar
"POLYGON ((77.9376759 27.2073593, 77.9388776 27.2018631, 77.9436841 27.2021684, 77.9470744 27.2026264, 77.9536404 27.2030845, 77.952825 27.2062906, 77.9499497 27.2057181, 77.9469027 27.2057944, 77.9376759 27.2073593))",Suruchipuram Colony
"POLYGON ((77.9181812 27.2212463, 77.9273865 27.2208456, 77.9333088 27.2197579, 77.9385016 27.2176208, 77.9422058 27.2174615, 77.9422917 27.218969, 77.9411544 27.218969, 77.9377855 27.2196368, 77.9379572 27.2201902, 77.9379787 27.2207435, 77.9384722 27.2215259, 77.9383434 27.221793, 77.9369058 27.2226516, 77.9365839 27.2224036, 77.9364123 27.2227661, 77.9360689 27.2229951, 77.9361118 27.2237965, 77.9367985 27.2259717, 77.9349496 27.2264426, 77.9278685 27.2251833, 77.923577 27.2235424, 77.9227187 27.2238477, 77.9195 27.2247636, 77.9181812 27.2212463))",USIDC Bainpur
"POLYGON ((77.9888796 27.1761236, 77.9886056 27.1737134, 77.989695 27.1724967, 77.9902857 27.1718306, 77.9913263 27.1720784, 77.9947564 27.172207, 77.9965481 27.1724552, 77.9982137 27.1728594, 78.0035755 27.1743737, 78.0046757 27.1749751, 78.0061562 27.1759486, 78.0081518 27.1764068, 78.0081057 27.1766581, 78.0062603 27.176429, 78.0054879 27.1759709, 78.0046296 27.17578, 78.0027842 27.1751692, 78.0004668 27.1749783, 77.9981064 27.1748255, 77.9914975 27.1760854, 77.9888796 27.1761236))",Police Line
"POLYGON ((77.9538955 27.2235425, 77.9534664 27.2242294, 77.9531231 27.2254124, 77.9525222 27.2263282, 77.9523935 27.227473, 77.9515781 27.2289994, 77.9510631 27.2302968, 77.9505481 27.2318232, 77.94058 27.231569, 77.940538 27.230957, 77.939504 27.229265, 77.9345407 27.2264427, 77.9367985 27.2259717, 77.9388584 27.2255519, 77.9388799 27.2252657, 77.9422273 27.2245216, 77.9425921 27.2248841, 77.9470982 27.224388, 77.9487028 27.224382, 77.9506769 27.2242675, 77.952136 27.2243438, 77.9527368 27.2240386, 77.9538955 27.2235425))",Bainpur
"POLYGON ((78.0360898 27.167697, 78.0397952 27.1620349, 78.0419839 27.1606412, 78.0418766 27.1634476, 78.0420053 27.163944, 78.0418122 27.1644022, 78.0394841 27.1654426, 78.0386794 27.1661585, 78.0384541 27.1665212, 78.0384004 27.1666931, 78.0360898 27.167697))",Impeypura
"POLYGON ((78.0021927 27.2060089, 78.0019231 27.2059554, 78.0007979 27.2061234, 77.9983183 27.2064516, 77.9955717 27.2043524, 77.9950939 27.2021301, 77.9960381 27.2018056, 77.9970251 27.2013476, 77.9990169 27.2006271, 78.0030977 27.1990956, 78.004217 27.2015194, 78.0048607 27.2022827, 78.0048178 27.2044583, 78.0041558 27.2055121, 78.0038543 27.2062608, 78.0023429 27.2060279, 78.0021927 27.2060089))",Ramnagar Colony 
"POLYGON ((77.9401898 27.1826104, 77.9400984 27.1818511, 77.9502741 27.1802539, 77.9523051 27.1798992, 77.9544796 27.1797374, 77.9547963 27.1812354, 77.9552254 27.1867708, 77.9401898 27.1826104))",Amarpura
"POLYGON ((78.025678 27.2076919, 78.0251093 27.2043427, 78.0277231 27.2029591, 78.0294398 27.206127, 78.0302122 27.2066614, 78.0283326 27.2072711, 78.025678 27.2076919))",Langre Ki Chowki
"POLYGON ((77.9634223 27.1877251, 77.9632935 27.1853774, 77.963036 27.1845376, 77.9624996 27.183316, 77.9626712 27.1828769, 77.9627571 27.182228, 77.9682126 27.1828679, 77.969638 27.1831971, 77.9709592 27.1834787, 77.9661096 27.1860339, 77.9634223 27.1877251))",Vinay Nagar
"POLYGON ((78.0418122 27.1644022, 78.0420053 27.163944, 78.0418766 27.1634476, 78.0419839 27.1606412, 78.0458195 27.1583321, 78.0467219 27.1579639, 78.047056 27.1594666, 78.0469794 27.1600544, 78.0475695 27.1609613, 78.0479128 27.1610718, 78.0490501 27.16195, 78.0493934 27.1618927, 78.0492432 27.1625609, 78.0461937 27.1626525, 78.0451422 27.1628625, 78.0448633 27.1632826, 78.0418122 27.1644022))",ITC Mughal
"POLYGON ((77.97421 27.145968, 77.977257 27.1453188, 77.9786852 27.145427, 77.9799297 27.1458089, 77.9808309 27.1455797, 77.981303 27.1458089, 77.9822042 27.1456561, 77.9824855 27.1461907, 77.986687 27.1437635, 77.9879143 27.1482338, 77.986777 27.1483483, 77.9856398 27.1489975, 77.9854896 27.1488639, 77.9825284 27.1502768, 77.9802753 27.1513651, 77.9792454 27.1517279, 77.9762628 27.1492839, 77.9748816 27.1472792, 77.97368 27.1466873, 77.9734439 27.1460763, 77.9738516 27.1457326, 77.97421 27.145968))",Uda ka Nagla
"POLYGON ((78.0437773 27.1945011, 78.0422326 27.1938227, 78.0391624 27.1921675, 78.0370825 27.1902792, 78.0392712 27.1884851, 78.0397433 27.1881797, 78.0396145 27.1875689, 78.0409449 27.1873781, 78.0422324 27.1874162, 78.0427044 27.1874162, 78.0437344 27.187149, 78.0442923 27.1869963, 78.0445927 27.1870727, 78.046481 27.1840951, 78.0493134 27.1811937, 78.0508583 27.1830261, 78.0530899 27.1863474, 78.0551499 27.1886378, 78.055579 27.188905, 78.0560511 27.1896914, 78.0542916 27.1900349, 78.0531758 27.1903785, 78.0518883 27.1914092, 78.0504721 27.1914092, 78.0487126 27.1917145, 78.0475968 27.1914092, 78.0465239 27.1917145, 78.0461377 27.192707, 78.0440777 27.1932033, 78.0442923 27.1936995, 78.0437773 27.1945011))",Nagla Kachhpura
"POLYGON ((77.9451148 27.202296, 77.9542558 27.1967232, 77.9555903 27.1952124, 77.9553958 27.1957751, 77.9536404 27.2030845, 77.9470744 27.2026264, 77.9451148 27.202296))",Sulabh Puram Colony
"POLYGON ((77.9913263 27.1720784, 77.9906483 27.1636265, 77.9967423 27.1656119, 77.9946169 27.1687327, 77.9946384 27.1705558, 77.9947778 27.1705462, 77.9947564 27.172207, 77.9913263 27.1720784))",Kishan Garh
"POLYGON ((78.0436484 27.1960749, 78.0422326 27.1963802, 78.0421896 27.1937813, 78.0604736 27.2018736, 78.0594275 27.2034226, 78.0583708 27.2050034, 78.0543797 27.2032889, 78.0522339 27.20264, 78.0495732 27.2014568, 78.0484896 27.2008031, 78.0474703 27.2002735, 78.0464812 27.199701, 78.0451314 27.1992699, 78.0442496 27.1989758, 78.044979 27.1973694, 78.0436484 27.1960749), (78.0436058 27.1960334, 78.0436488 27.1960748, 78.0436484 27.1960749, 78.0436058 27.1960334))",Industrial Estate
"POLYGON ((78.0371025 27.1949922, 78.0375531 27.1946105, 78.0384114 27.1933127, 78.0391624 27.1921675, 78.0422326 27.1938227, 78.0422326 27.1963802, 78.0436488 27.1960748, 78.0450221 27.1974108, 78.0442496 27.1989758, 78.0423381 27.1983322, 78.0404713 27.1973779, 78.0394628 27.1968244, 78.0371025 27.1949922))",Nawalganj
"POLYGON ((78.0288122 27.1894806, 78.0292414 27.1881827, 78.0292843 27.185167, 78.0296152 27.184515, 78.0310744 27.1845913, 78.0326622 27.1850876, 78.0370825 27.1902792, 78.0391624 27.1921675, 78.0352066 27.189557, 78.0288122 27.1894806))",Motimahal
"POLYGON ((77.9967875 27.1895794, 78.001137 27.1893991, 78.0007955 27.1923447, 78.0013856 27.1949786, 78.0006561 27.195074, 77.9998514 27.1949022, 77.9988965 27.1946923, 77.9982528 27.1943106, 77.9975018 27.1936426, 77.9969546 27.1926501, 77.9969546 27.1918103, 77.9967875 27.1895794))",Raja ki Mandi
"POLYGON ((77.9890398 27.1826519, 77.9887261 27.181379, 77.9887261 27.1803483, 77.9891304 27.178865, 77.9890265 27.1776759, 77.9894952 27.1776815, 77.9901604 27.1779106, 77.9920916 27.1787696, 77.9972081 27.1809124, 77.9940609 27.1806792, 77.9929308 27.1809041, 77.9923014 27.1808576, 77.9916147 27.1812012, 77.990456 27.1820793, 77.9890398 27.1826519))",Soron Katra
"POLYGON ((77.9744246 27.1373753, 77.9784157 27.1364969, 77.9786732 27.136917, 77.9844239 27.1350075, 77.9858401 27.1403542, 77.9830935 27.1407743, 77.9797461 27.1426456, 77.9766562 27.143142, 77.977257 27.1453188, 77.97421 27.145968, 77.9703477 27.1432948, 77.9735663 27.1424546, 77.9756692 27.1418818, 77.97524 27.1403924, 77.9759267 27.1401632, 77.9744246 27.1373753))",Azizpura
"POLYGON ((77.9648801 27.2096303, 77.9696866 27.2086379, 77.9831262 27.2038943, 77.9835554 27.2050012, 77.9844995 27.2047722, 77.9850145 27.2059172, 77.9856153 27.2066806, 77.9835554 27.2072531, 77.9839202 27.2100965, 77.977803 27.2096713, 77.9759576 27.2096713, 77.9707842 27.2109729, 77.9651623 27.2098661, 77.9648801 27.2096303))",Transport Nagar
"POLYGON ((78.0302122 27.2066614, 78.0294398 27.206127, 78.0277231 27.2029591, 78.0278692 27.2021429, 78.0251273 27.1968334, 78.0263672 27.1957303, 78.0266676 27.1947379, 78.0275688 27.1942798, 78.0303583 27.1988221, 78.0315599 27.199929, 78.0316457 27.2004634, 78.0323324 27.2006543, 78.0342207 27.2035933, 78.0340618 27.2055344, 78.0302122 27.2066614))",Krishna Colony
"POLYGON ((78.0074067 27.2044053, 78.0078648 27.2017484, 78.0089806 27.201443, 78.0095385 27.2009468, 78.0114219 27.2010218, 78.0126713 27.2000321, 78.0143904 27.1992891, 78.0148756 27.1985509, 78.0151438 27.199281, 78.0156374 27.199782, 78.0157457 27.2004739, 78.0133263 27.2021144, 78.0126906 27.2025843, 78.0125914 27.2030694, 78.0116044 27.20368, 78.0105073 27.2036419, 78.0090911 27.2042526, 78.0074067 27.2044053))",Wazirpura
"POLYGON ((77.9395405 27.1752083, 77.939469 27.173451, 77.9437391 27.1715134, 77.9453484 27.1707785, 77.9480521 27.1692513, 77.9496399 27.1680677, 77.9541152 27.1699159, 77.9632562 27.172703, 77.9395405 27.1752083))",Sanjiv Gandhi Girls Inter College
"POLYGON ((77.9901634 27.2127274, 77.9908056 27.2128208, 77.9906554 27.2120956, 77.9896255 27.2106072, 77.9940028 27.2109316, 77.996 27.211, 77.9958053 27.2119811, 77.9959769 27.2130689, 77.9960413 27.2134505, 77.9953547 27.2135459, 77.9951186 27.2161029, 77.9937668 27.2159312, 77.9938097 27.2163701, 77.9917298 27.2165534, 77.9905174 27.2166584, 77.9899702 27.2151891, 77.9901634 27.2127274))",Lawyers Colony
"POLYGON ((78.0511675 27.1335218, 78.0541684 27.1294849, 78.076199 27.148063, 78.074225 27.149514, 78.0709832 27.1515101, 78.0609016 27.1424833, 78.0511675 27.1335218))",Chamrauli
"POLYGON ((78.0583708 27.2050034, 78.0604736 27.2018736, 78.0756657 27.2085148, 78.0751078 27.2095071, 78.0745928 27.2097361, 78.0740349 27.2108048, 78.0737774 27.2116444, 78.0742924 27.2127894, 78.0749361 27.2133619, 78.0737844 27.2142436, 78.0725827 27.212946, 78.0697932 27.2118011, 78.0677371 27.2105567, 78.0656235 27.2092781, 78.063821 27.2085911, 78.0628769 27.2076751, 78.0583708 27.2050034))",Sahara
"POLYGON ((77.9222956 27.1778513, 77.9392 27.162086, 77.939469 27.173451, 77.9401898 27.1826104, 77.9222956 27.1778513))",Patholi
"POLYGON ((77.9361966 27.2136974, 77.936104 27.2128896, 77.9359391 27.2123234, 77.938634 27.2119434, 77.9415006 27.2115633, 77.9521436 27.2099413, 77.951748 27.2112714, 77.9403246 27.2127136, 77.9361966 27.2136974))",Upadhyaypuram
"POLYGON ((77.9792454 27.1517279, 77.9802753 27.1513651, 77.9854896 27.1488639, 77.9856398 27.1489975, 77.986777 27.1483483, 77.9879143 27.1482338, 77.9882022 27.1492309, 77.9883748 27.1505276, 77.9877739 27.1511386, 77.981637 27.1542316, 77.9792454 27.1517279))",Naripura
"POLYGON ((77.9503816 27.1672815, 77.9517548 27.1654488, 77.9720538 27.1715576, 77.9728474 27.1719492, 77.9632562 27.172703, 77.9541152 27.1699159, 77.9523127 27.1691905, 77.9496399 27.1680677, 77.9503816 27.1672815))",ASF Colony
"POLYGON ((77.979305 27.212801, 77.977803 27.209595, 77.9896255 27.2106072, 77.9906554 27.2120956, 77.9908056 27.2128208, 77.9901634 27.2127274, 77.9878459 27.2128038, 77.9876528 27.2126702, 77.985004 27.212686, 77.979305 27.212801))",Kailash Vihar
"POLYGON ((77.9967423 27.1656119, 77.9985448 27.1629392, 78.0059691 27.1636265, 78.0070849 27.1643519, 78.0090161 27.1643901, 78.0091008 27.1649909, 78.0086717 27.1665564, 78.0097446 27.1706799, 78.0076846 27.1694963, 78.005968 27.1677782, 78.0037364 27.1683127, 78.0021486 27.1669764, 77.9967423 27.1656119))",Namner
"POLYGON ((77.9400984 27.1818511, 77.9395405 27.1752083, 77.9458383 27.1745402, 77.9471794 27.1807821, 77.9400984 27.1818511))",Kalwari
"POLYGON ((77.9761668 27.2049357, 77.9736981 27.2015728, 77.9776838 27.1992397, 77.9803512 27.202766, 77.9761668 27.2049357))",Halwai Ki Baggichi
"POLYGON ((77.9502741 27.1802539, 77.9494373 27.1758635, 77.9500596 27.1756345, 77.9499019 27.1741153, 77.953793 27.173629, 77.9544796 27.1797374, 77.9523051 27.1798992, 77.9516399 27.180071, 77.9502741 27.1802539))",Pushpanjali Nagar
"POLYGON ((78.0139442 27.1694699, 78.0142232 27.1685154, 78.0148539 27.1667974, 78.0149612 27.1660338, 78.015296 27.1662818, 78.0177851 27.1658809, 78.0194803 27.1657664, 78.0195232 27.1656136, 78.0205317 27.1654991, 78.0209609 27.1655564, 78.0202957 27.1664918, 78.019094 27.1673509, 78.0188151 27.1673318, 78.0187293 27.1676754, 78.0179782 27.1680954, 78.0176778 27.1684199, 78.017077 27.1690117, 78.0168839 27.1696799, 78.0164762 27.1702144, 78.0160685 27.1706726, 78.01609 27.1712834, 78.0156534 27.1731608, 78.014434 27.1730955, 78.0132072 27.1732467, 78.0126064 27.1731608, 78.0120004 27.1724614, 78.0112275 27.171799, 78.0121288 27.1709018, 78.0132231 27.1703482, 78.0136952 27.1700045, 78.0139442 27.1694699))",Baluganj
"POLYGON ((78.0112275 27.171799, 78.0097446 27.1706799, 78.0087599 27.1670837, 78.0086717 27.1665564, 78.0091008 27.1649909, 78.0090161 27.1643901, 78.0120429 27.1638956, 78.0176434 27.1630746, 78.0241652 27.162061, 78.0243382 27.1627501, 78.0225572 27.1637811, 78.022053 27.1645447, 78.0215434 27.1649647, 78.0209609 27.1655564, 78.0205317 27.1654991, 78.0195232 27.1656136, 78.0194803 27.1657664, 78.015296 27.1662818, 78.0149612 27.1660338, 78.0148539 27.1667974, 78.0141672 27.1687446, 78.0140385 27.1693364, 78.0136952 27.1700045, 78.0132231 27.1703482, 78.012515 27.1706727, 78.0121288 27.1709018, 78.0116782 27.1712836, 78.0112275 27.171799))",Shahzad Mandi
"POLYGON ((78.0515453 27.2378143, 78.0599561 27.2348753, 78.0599561 27.2488783, 78.0552354 27.2511293, 78.0550637 27.2508622, 78.05442 27.2492598, 78.0535188 27.243117, 78.0515453 27.2378143))",Nai Ki Sarai
"POLYGON ((77.979305 27.212801, 77.985004 27.212686, 77.985034 27.2138573, 77.9843483 27.214712, 77.98349 27.2148647, 77.9831038 27.2142159, 77.9824171 27.2145593, 77.9821167 27.2158188, 77.9817305 27.2164294, 77.9815588 27.2172308, 77.9805718 27.2177079, 77.9798093 27.2180772, 77.9793479 27.2157492, 77.979305 27.212801))",Nirbhay Nagar
"POLYGON ((78.0164421 27.1794861, 78.0152834 27.1787035, 78.0145324 27.1776918, 78.0138672 27.1762792, 78.0135882 27.1750384, 78.0130141 27.1736284, 78.0126064 27.1731608, 78.0132072 27.1732467, 78.0135183 27.1731989, 78.0146234 27.1730844, 78.0156534 27.1731608, 78.0175416 27.1734089, 78.0186789 27.1735425, 78.0190007 27.1744397, 78.019623 27.1749361, 78.0211251 27.1753178, 78.0217044 27.1756805, 78.0211251 27.1763105, 78.0204599 27.1771313, 78.0190437 27.1778757, 78.0183785 27.1785057, 78.017842 27.1793646, 78.0169194 27.1795746, 78.0164421 27.1794861))",Munda Para
"POLYGON ((77.9471794 27.1807821, 77.9458383 27.1745402, 77.9499019 27.1741153, 77.9500596 27.1756345, 77.9494373 27.1758635, 77.9502741 27.1802539, 77.9471794 27.1807821))",Bilashganj
"POLYGON ((77.9922791 27.1474743, 77.9921803 27.1466466, 77.9911718 27.1449472, 77.9908499 27.1446608, 77.9926309 27.144088, 77.9923305 27.1433815, 77.9927597 27.1431142, 77.9927548 27.1419432, 77.9926093 27.1416249, 77.9929097 27.1410139, 77.9924805 27.1390662, 77.9946263 27.138417, 77.9943259 27.1379205, 77.9960969 27.1371359, 77.9965668 27.1369235, 77.9969939 27.1367348, 77.9970905 27.1388211, 77.9992362 27.1386492, 77.9996439 27.1396994, 78.0023249 27.1426306, 78.0035229 27.145794, 77.9922791 27.1474743))",Defence Colony
"POLYGON ((77.9726389 27.2208072, 77.9743483 27.2205292, 77.9735329 27.2186592, 77.9748096 27.2178673, 77.9761078 27.2183443, 77.9764726 27.2186687, 77.9798093 27.2180772, 77.9805718 27.2177079, 77.9816661 27.2187955, 77.9811297 27.2192344, 77.9813228 27.2204938, 77.9819021 27.2205319, 77.9833827 27.2210853, 77.9827025 27.2216086, 77.9820524 27.2221538, 77.9799924 27.2231079, 77.9796555 27.2232114, 77.9786041 27.2233068, 77.9775098 27.2233259, 77.9769304 27.2231541, 77.9753211 27.2226962, 77.9737976 27.2223527, 77.9726389 27.2208072))",Galena
"POLYGON ((78.0156534 27.1731608, 78.01609 27.1712834, 78.0160685 27.1706726, 78.0168839 27.1696799, 78.017077 27.1690117, 78.0179782 27.1680954, 78.0187293 27.1676754, 78.0188151 27.1673318, 78.019094 27.1673509, 78.0202957 27.1664918, 78.0209609 27.1655564, 78.022053 27.1645447, 78.0225572 27.1637811, 78.0243382 27.1627501, 78.0241652 27.162061, 78.0257472 27.1616262, 78.0254039 27.1671625, 78.0259189 27.1672007, 78.0260906 27.1680407, 78.0265197 27.1680789, 78.0264768 27.1689188, 78.0273351 27.1693006, 78.0272922 27.1726986, 78.0265197 27.173004, 78.025361 27.1737676, 78.0248031 27.175142, 78.0217044 27.1756805, 78.0211251 27.1753178, 78.019623 27.1749361, 78.0190007 27.1744397, 78.0186789 27.1735425, 78.0156534 27.1731608))",Nai Basti
"POLYGON ((77.9879143 27.1482338, 77.986687 27.1437635, 77.9888327 27.1428088, 77.9889615 27.1415485, 77.9908928 27.1417776, 77.9924378 27.1416821, 77.9927382 27.141472, 77.9927597 27.1431142, 77.9923305 27.1433815, 77.9926309 27.144088, 77.992352 27.1442407, 77.9908499 27.1446608, 77.9911718 27.1449472, 77.9921803 27.1466466, 77.9922791 27.1474743, 77.9928799 27.1505292, 77.98979 27.1510639, 77.9882106 27.1493579, 77.9879143 27.1482338))",Nagla Kachhan
"POLYGON ((77.9970905 27.1388211, 77.9970476 27.1383533, 77.9969939 27.1367348, 77.9972441 27.136622, 77.9968579 27.1355144, 77.9967292 27.134636, 78.0011924 27.1342923, 78.0075833 27.1340853, 78.0078622 27.1357275, 78.0080554 27.1371406, 78.0035278 27.1378854, 78.0034634 27.1392412, 78.0009743 27.1394703, 77.9996439 27.1396994, 77.9995044 27.1392793, 77.9992362 27.1386492, 77.9985496 27.1387065, 77.9970905 27.1388211))",Hastinapuri
"POLYGON ((78.0154322 27.2421484, 78.0156897 27.2395157, 78.0213052 27.2391265, 78.022936 27.2376193, 78.0230862 27.2367417, 78.031047 27.2365319, 78.030253 27.244125, 78.023378 27.252824, 78.0214688 27.2540356, 78.0156323 27.2469392, 78.0154322 27.2421484))",Khaspur
"POLYGON ((78.0030888 27.2624707, 78.0023163 27.2536963, 78.0036467 27.2535055, 78.0036037 27.2523991, 78.0030458 27.2488128, 78.0025738 27.2485458, 78.0025309 27.2476682, 78.0034802 27.2478906, 78.007922 27.2474137, 78.0081528 27.2485839, 78.0077236 27.2502626, 78.0081528 27.2519413, 78.0078953 27.2537344, 78.0097406 27.2543067, 78.0109423 27.2562142, 78.0122726 27.2589229, 78.007936 27.260911, 78.0030888 27.2624707))",Khaspur Ehtmali
"POLYGON ((77.9967423 27.1656119, 78.0021486 27.1669764, 78.0037364 27.1683127, 78.0028245 27.1689331, 78.0026743 27.1726175, 78.0035755 27.1743737, 77.9965481 27.1724552, 77.9947564 27.172207, 77.9947778 27.1705462, 77.9946384 27.1705558, 77.9946491 27.1701453, 77.9946169 27.1687327, 77.9967423 27.1656119))",Model Town
"POLYGON ((78.002745 27.1707763, 78.0040324 27.1708526, 78.0042792 27.1706617, 78.0057383 27.170404, 78.0058885 27.1713394, 78.0092252 27.1713871, 78.0086024 27.1733334, 78.0087955 27.1753378, 78.0081518 27.1764068, 78.0061562 27.1759486, 78.0046757 27.1749751, 78.0035755 27.1743737, 78.0026743 27.1726175, 78.002745 27.1707763))",Mohanpura
"POLYGON ((77.939469 27.173451, 77.9393403 27.167724, 77.9392 27.162086, 77.9517548 27.1654488, 77.9496399 27.1680677, 77.9480521 27.1692513, 77.9453484 27.1707785, 77.939469 27.173451))",Sucheta
"POLYGON ((77.9944546 27.1231778, 77.994931 27.122821, 78.0031108 27.1211855, 78.0041407 27.1234008, 78.007565 27.1331196, 78.0075833 27.1340853, 78.0011924 27.1342923, 78.0012782 27.1327646, 77.9996903 27.1301675, 77.9992612 27.1291362, 77.9979308 27.1283342, 77.99527 27.1240181, 77.9947551 27.1236744, 77.9944546 27.1231778))",Sewla Jat
"POLYGON ((77.9904187 27.2649886, 77.9905904 27.2642257, 77.9920066 27.2640731, 77.9914487 27.2584271, 77.991277 27.254841, 77.9918779 27.2524756, 77.993538 27.25123, 77.9965494 27.2452771, 77.997515 27.2455442, 77.9980515 27.246002, 77.9987596 27.2454297, 77.998899 27.2468986, 77.9985664 27.2477571, 78.0017422 27.24749, 78.0025309 27.2476682, 78.0025738 27.2485458, 78.0030458 27.2488128, 78.0035937 27.2520178, 78.0036467 27.2535055, 78.0023163 27.2536963, 78.0030888 27.2624707, 77.996239 27.264493, 77.9904187 27.2649886))",Sikandarpur Mustkil
"POLYGON ((78.0028245 27.1689331, 78.0037364 27.1683127, 78.005968 27.1677782, 78.0076846 27.1694963, 78.0097446 27.1706799, 78.0092252 27.1713871, 78.0058885 27.1713394, 78.0057383 27.170404, 78.0042792 27.1706617, 78.0040324 27.1708526, 78.0033351 27.1708049, 78.002745 27.1707763, 78.0028245 27.1689331))",Katlupur
"POLYGON ((77.9968579 27.1355144, 77.9972441 27.136622, 77.9943259 27.1379205, 77.9946263 27.138417, 77.9924805 27.1390662, 77.9929097 27.1410139, 77.9926093 27.1416249, 77.9911073 27.1417777, 77.9889615 27.1415485, 77.9888327 27.1428088, 77.986687 27.1437635, 77.9864724 27.1426178, 77.9860003 27.1410521, 77.9847021 27.136135, 77.9893048 27.1331465, 77.9891331 27.1313896, 77.9898627 27.1308549, 77.9893906 27.1301675, 77.9938967 27.1283342, 77.9917939 27.1245911, 77.9944546 27.1231778, 77.9947551 27.1236744, 77.99527 27.1240181, 77.9979308 27.1283342, 77.9992612 27.1291362, 77.9996903 27.1301675, 78.0012782 27.1327646, 78.0011924 27.1342923, 77.9998191 27.1344069, 77.9967292 27.134636, 77.9968579 27.1355144))",Nainana-Brahman
"POLYGON ((78.0122726 27.2589229, 78.0097406 27.2543067, 78.0078953 27.2537344, 78.0081528 27.2519413, 78.0077236 27.2502626, 78.0081528 27.2485839, 78.007922 27.2474137, 78.0123637 27.246002, 78.0131791 27.2429878, 78.0154322 27.2421484, 78.0156323 27.2469392, 78.0214688 27.2540356, 78.015304 27.257554, 78.0122726 27.2589229))",Khaspur Mustkil
"POLYGON ((77.9803512 27.202766, 77.9776838 27.1992397, 77.9764089 27.1974432, 77.9805073 27.1952102, 77.981666 27.1962408, 77.9828677 27.1955537, 77.9826469 27.1953816, 77.9840631 27.1946181, 77.9871959 27.1962977, 77.9890891 27.1997979, 77.9803512 27.202766))",Mental Hospital Campus
"POLYGON ((77.977257 27.1453188, 77.9766562 27.143142, 77.9797461 27.1426456, 77.9830935 27.1407743, 77.9858401 27.1403542, 77.986687 27.1437635, 77.9824855 27.1461907, 77.9822042 27.1456561, 77.981303 27.1458089, 77.9808309 27.1455797, 77.9799297 27.1458089, 77.9786852 27.145427, 77.977257 27.1453188))",Nagla Azizpura
"POLYGON ((78.0043034 27.1240294, 77.9995438 27.1139744, 78.0127617 27.1095814, 78.0175643 27.1204008, 78.0146031 27.1214703, 78.0093245 27.1227689, 78.0078654 27.1229981, 78.0076508 27.1237238, 78.0043034 27.1240294))",Nagla Parsoti
"POLYGON ((77.9847021 27.136135, 77.9844239 27.1350075, 77.9828044 27.1293841, 77.9845687 27.1286477, 77.9917939 27.1245911, 77.9938967 27.1283342, 77.9893906 27.1301675, 77.9898627 27.1308549, 77.9891331 27.1313896, 77.9893048 27.1331465, 77.9847021 27.136135))",Chak Vi Chor Nagaria
"POLYGON ((77.9904187 27.2649886, 77.983045 27.26549, 77.978806 27.261581, 77.980236 27.258974, 77.9842909 27.2575955, 77.9918779 27.2524756, 77.991277 27.254841, 77.9914792 27.2587019, 77.9920066 27.2640731, 77.9905904 27.2642257, 77.9904187 27.2649886))",Sikandarpur Ehtmali
"POLYGON ((78.0398711 27.1462655, 78.0436781 27.1436792, 78.0450027 27.1425107, 78.0455884 27.1409691, 78.0463824 27.1400909, 78.0474822 27.1387445, 78.0490541 27.1363861, 78.0511675 27.1335218, 78.0609016 27.1424833, 78.0582287 27.143798, 78.0563955 27.1447555, 78.0553841 27.1455326, 78.0533726 27.1474183, 78.0519014 27.145499, 78.0481382 27.1481789, 78.0475588 27.1483125, 78.0465825 27.1477111, 78.0457349 27.1477492, 78.0448552 27.1469855, 78.0442568 27.146511, 78.0434868 27.1459982, 78.0414697 27.1466474, 78.0398711 27.1462655))",Rajpura
"POLYGON ((78.002834 27.238578, 78.0062673 27.2384445, 78.006396 27.2397036, 78.0083701 27.2395892, 78.0082628 27.2403141, 78.0095288 27.2402569, 78.0105803 27.2476589, 78.0084881 27.2475539, 78.0063424 27.2477924, 78.0045292 27.2479832, 78.0040786 27.2480022, 78.002834 27.238578))",Indradhanush Colony
"POLYGON ((78.0000016 27.2332169, 78.0021474 27.2329498, 78.002834 27.238578, 78.0040786 27.2480022, 78.0025766 27.2480595, 78.0003879 27.2473918, 77.9991433 27.2471629, 77.9988858 27.2446066, 77.9964397 27.2430804, 77.9975984 27.2349531, 77.9994008 27.2348768, 78.0000016 27.2332169))",Amar Vihar
"POLYGON ((78.0042461 27.2299706, 78.004171 27.2295414, 78.0040637 27.2290262, 78.0040208 27.228511, 78.0039886 27.2281294, 78.0037418 27.2269083, 78.0038706 27.2268606, 78.0037955 27.2264886, 78.0036774 27.2259638, 78.0036023 27.2255155, 78.0041817 27.2254964, 78.0049005 27.2255345, 78.0055013 27.2256013, 78.0059305 27.225649, 78.0064884 27.2255441, 78.0070999 27.2254964, 78.0070892 27.2256299, 78.007057 27.2261356, 78.0072287 27.2272041, 78.0073682 27.2279863, 78.0074862 27.2289022, 78.0076257 27.2296177, 78.0042461 27.2299706))",Sarla Bagh
"POLYGON ((78.0084118 27.2255514, 78.0076393 27.2237387, 78.0068347 27.2221359, 78.0066845 27.2218879, 78.0059549 27.2221169, 78.0057189 27.2216398, 78.0051931 27.2212487, 78.0039165 27.2201229, 78.0048374 27.2182559, 78.0052505 27.2168248, 78.0052683 27.2160489, 78.0052932 27.2158267, 78.0059801 27.2150454, 78.0063556 27.2148927, 78.0078366 27.2176275, 78.0092272 27.2203041, 78.0099353 27.221678, 78.0106649 27.2232808, 78.01133 27.2248263, 78.0084118 27.2255514))",Swamibagh
"POLYGON ((78.0013737 27.2248359, 78.0015293 27.2242921, 78.0016634 27.223858, 78.0031869 27.2213822, 78.0033371 27.2209815, 78.0034443 27.2206094, 78.0035946 27.2203423, 78.0038306 27.2200847, 78.0039165 27.2201229, 78.0057189 27.2216398, 78.0059549 27.2221169, 78.0066845 27.2218879, 78.0068347 27.2221359, 78.0076715 27.223796, 78.0084118 27.2255514, 78.0070892 27.2256299, 78.0070999 27.2254964, 78.0059305 27.225649, 78.0046245 27.2255037, 78.0036023 27.2255155, 78.0030259 27.2254655, 78.0023178 27.2253224, 78.0018136 27.2250076, 78.0013737 27.2248359))",Kishan Bagh
"POLYGON ((78.0063556 27.2148927, 78.0060148 27.2149879, 78.0052932 27.2158267, 78.0052505 27.2168248, 78.0048374 27.2182559, 78.0047087 27.2181939, 78.0038611 27.2185946, 78.0033247 27.218764, 78.0014149 27.2195439, 78.0009429 27.2183513, 77.9996179 27.2185994, 77.9993765 27.2173877, 77.9994033 27.2170299, 77.9993604 27.2166483, 77.9992209 27.2159852, 77.9992449 27.2156033, 77.9996741 27.2155938, 78.0002749 27.2153171, 78.0005324 27.2152789, 78.001101 27.2151072, 78.001734 27.2149736, 78.0025816 27.2147732, 78.0031824 27.2147064, 78.0038369 27.2145824, 78.004309 27.2144775, 78.0046523 27.2144393, 78.0054248 27.2142294, 78.005811 27.2140863, 78.0063556 27.2148927))",Vidya Nagar
"POLYGON ((77.9976415 27.2307233, 77.9973625 27.2291778, 77.997105 27.2280331, 77.9966544 27.2267165, 77.9962252 27.2258007, 77.9959892 27.2252473, 77.9965471 27.2252283, 77.9974483 27.2252664, 77.9985856 27.2251901, 77.9995726 27.2251138, 78.0005061 27.2250375, 78.0005812 27.2253427, 78.0006026 27.2262968, 78.0006194 27.2266928, 78.0005604 27.2273081, 78.0005818 27.2283432, 78.0005496 27.2294499, 78.0003458 27.230442, 77.9976415 27.2307233))",Ram Mohan Vihar
"POLYGON ((78.0003458 27.230442, 78.0005496 27.2294499, 78.0005501 27.2272788, 78.0006252 27.2267303, 78.0005812 27.2253427, 78.0005061 27.2250375, 78.0012046 27.2248699, 78.0013737 27.2248359, 78.0018136 27.2250076, 78.0023178 27.2253224, 78.0036023 27.2255155, 78.0036627 27.2259221, 78.0038706 27.2268606, 78.0037418 27.2269083, 78.0039886 27.2281294, 78.0040637 27.2290262, 78.0042461 27.2299706, 78.0003458 27.230442))",Adan Bagh Extension
"POLYGON ((77.9976415 27.2307233, 78.0076257 27.2296177, 78.0131792 27.2289032, 78.0136942 27.2308684, 78.0142521 27.2322231, 78.0147027 27.233654, 78.0156897 27.2395157, 78.0136727 27.2397973, 78.0113982 27.2400644, 77.9966354 27.2411709, 77.9964422 27.2383473, 77.9966997 27.2355237, 77.995305 27.2325856, 77.9955196 27.2310974, 77.9976415 27.2307233))",Vaibhav Kunj
"POLYGON ((78.0070088 27.2464177, 78.0068264 27.2452063, 78.0082426 27.2450918, 78.008425 27.2463223, 78.0070088 27.2464177))",Deep Vihar
"POLYGON ((78.0166982 27.2246338, 78.0163399 27.2151541, 78.0161768 27.2148602, 78.0179793 27.2147075, 78.0187518 27.2147457, 78.0211765 27.2145549, 78.0250818 27.2143259, 78.0251891 27.2161769, 78.0257684 27.2161959, 78.0263692 27.2160624, 78.0274421 27.2183522, 78.0268198 27.218543, 78.0261976 27.2186384, 78.0259186 27.2188292, 78.0253607 27.2202794, 78.0255324 27.2206229, 78.0251891 27.2207755, 78.0251676 27.2215769, 78.0243951 27.2220158, 78.0241162 27.2215388, 78.0227858 27.2226646, 78.0229145 27.2228363, 78.0175287 27.2251641, 78.0170566 27.2251451, 78.0166982 27.2246338))",Kaveri Kunj
"POLYGON ((78.0117466 27.2199171, 78.0164888 27.2189821, 78.0166604 27.2218443, 78.0139353 27.2221687, 78.0123045 27.2223213, 78.0117466 27.2199171))",Basant Vihar
"POLYGON ((78.0604584 27.2280797, 78.0600721 27.2272783, 78.0597181 27.22745, 78.0593747 27.2269158, 78.0600292 27.2265914, 78.0608231 27.2278698, 78.0604584 27.2280797))",Gayatri Vihar
"POLYGON ((78.0482897 27.2173873, 78.0481717 27.2167671, 78.0478606 27.2162328, 78.0477747 27.2157653, 78.0483916 27.2146872, 78.050634 27.2149305, 78.0513045 27.2157558, 78.0514011 27.2169007, 78.0511865 27.2175495, 78.049266 27.2180456, 78.0482897 27.2173873))",Shyam Nagar
"POLYGON ((78.0374223 27.1879419, 78.0371327 27.1874361, 78.0372829 27.1872834, 78.0376691 27.1869685, 78.0380017 27.1868254, 78.0385596 27.1865868, 78.0390638 27.1862146, 78.0399007 27.185976, 78.0402977 27.1858137, 78.0407805 27.1873693, 78.0395788 27.1876461, 78.0392784 27.1876747, 78.038978 27.1876652, 78.0387527 27.1876747, 78.0385489 27.1876461, 78.038227 27.1877892, 78.0377764 27.1879133, 78.0374223 27.1879419))",Goutam Nagar
"POLYGON ((78.0302122 27.2066614, 78.0359238 27.2047306, 78.0370375 27.2068154, 78.0374238 27.2087619, 78.03678 27.2114336, 78.0354497 27.2168911, 78.0326602 27.2171964, 78.0305573 27.2183795, 78.0303427 27.2125022, 78.0302569 27.2079223, 78.0307719 27.2075024, 78.0302122 27.2066614))",Rajwara
"POLYGON ((78.0305573 27.2183795, 78.0303427 27.2132655, 78.0321881 27.2131892, 78.0322739 27.2130174, 78.032982 27.2128838, 78.0331537 27.2130365, 78.0363723 27.2129602, 78.0354497 27.2168911, 78.0326602 27.2171964, 78.0305573 27.2183795))",Kailash Nagar
"POLYGON ((78.00494 27.210873, 78.0102287 27.2090821, 78.0101214 27.2095591, 78.0096279 27.210666, 78.0104648 27.2108759, 78.0109583 27.2120208, 78.011087 27.2124597, 78.0110441 27.2129941, 78.0110441 27.213452, 78.0110227 27.2140818, 78.0110012 27.2147115, 78.0113231 27.2153412, 78.0116235 27.2160091, 78.0117307 27.2165529, 78.010615 27.2168105, 78.0104004 27.216219, 78.0109154 27.2160854, 78.0106579 27.2156656, 78.0102502 27.215532, 78.0098854 27.2151885, 78.0093061 27.2149596, 78.0088554 27.2147306, 78.0066882 27.2154366, 78.0063556 27.2148927, 78.0054219 27.2127926, 78.0052503 27.2116858, 78.00494 27.210873))",Indra Puri
"POLYGON ((77.9525222 27.2263282, 77.9531231 27.2254124, 77.9534664 27.2242294, 77.9538955 27.2235425, 77.9538517 27.2223986, 77.9548494 27.2225894, 77.9564373 27.2238392, 77.9566626 27.2243544, 77.9565017 27.2252893, 77.9559974 27.2259572, 77.9565017 27.2271115, 77.954549 27.2279797, 77.9539589 27.2270066, 77.9525222 27.2263282))",Vinayak Nagar
"POLYGON ((77.9510377 27.1785636, 77.951939 27.1780292, 77.9566597 27.1779337, 77.9561232 27.1789836, 77.9564022 27.1812169, 77.9565309 27.1848054, 77.9559301 27.1852635, 77.9553507 27.1861224, 77.9521535 27.1859125, 77.9518531 27.1848054, 77.9523252 27.1817895, 77.9510377 27.1785636))",Albatia
"POLYGON ((77.9636214 27.1746542, 77.9642008 27.1741961, 77.9639433 27.1726308, 77.9728474 27.1719492, 77.9708741 27.1785293, 77.9686104 27.1770881, 77.9678593 27.1767826, 77.9670225 27.176315, 77.9666041 27.1760764, 77.9660676 27.1756946, 77.9636214 27.1746542))",Azam Para
"POLYGON ((77.9651771 27.1753223, 77.9660676 27.1756946, 77.9666041 27.1760764, 77.9678593 27.1767826, 77.9686104 27.1770881, 77.9708741 27.1785293, 77.970809 27.1786685, 77.9670324 27.1791266, 77.9652308 27.179455, 77.9650377 27.1789015, 77.9645441 27.1789587, 77.9635249 27.1760477, 77.9650377 27.1757423, 77.9651771 27.1753223))",Balaji Puram
"POLYGON ((77.9635356 27.1795887, 77.9635402 27.1794312, 77.9636153 27.1793166, 77.9638299 27.1792117, 77.9640445 27.1791926, 77.9643556 27.1792785, 77.9677566 27.1808914, 77.9686471 27.1824471, 77.9704174 27.1828766, 77.9711148 27.1831247, 77.9713937 27.183306, 77.9714581 27.1837737, 77.9713723 27.1839932, 77.9711899 27.1842127, 77.970868 27.1843368, 77.9704496 27.1842604, 77.967467 27.1834969, 77.9665657 27.1825521, 77.9657396 27.1829338, 77.9654714 27.1850239, 77.965407 27.1852148, 77.9651388 27.1853579, 77.9647418 27.185377, 77.9645165 27.1852816, 77.9643341 27.1849571, 77.9640927 27.1830197, 77.9644951 27.1824948, 77.9650637 27.180858, 77.9636 27.1800086, 77.9635356 27.1795887))",Maruti Estate
"POLYGON ((77.970809 27.1786685, 77.9728474 27.1719492, 77.9758469 27.1729334, 77.9756109 27.1742124, 77.9756323 27.1744033, 77.9756323 27.1748424, 77.9758469 27.1750142, 77.9756753 27.1754723, 77.9761259 27.1756059, 77.9749028 27.1786028, 77.9751388 27.1794046, 77.970809 27.1786685))",Kedar Nagar
"POLYGON ((77.9758469 27.1729334, 77.9789414 27.1740108, 77.9821362 27.1747728, 77.9834046 27.1750798, 77.9858988 27.1763122, 77.9847401 27.1767322, 77.983796 27.1772476, 77.9824656 27.1775912, 77.9821867 27.1767322, 77.9812425 27.1767894, 77.9809636 27.176904, 77.9797405 27.177133, 77.9789036 27.1773048, 77.9780882 27.1772094, 77.9775089 27.1771903, 77.9771441 27.1763122, 77.9757708 27.1765604, 77.9761259 27.1756059, 77.9756753 27.1754723, 77.9758469 27.1750142, 77.9756323 27.1748424, 77.9756109 27.1742124, 77.9758469 27.1729334))",Bhogipura
"POLYGON ((77.9779107 27.1774961, 77.9789036 27.1773048, 77.9809636 27.176904, 77.9813117 27.1767516, 77.9821867 27.1767322, 77.9824656 27.1775912, 77.9785544 27.1792999, 77.9779107 27.1774961))",Prakash Nagar
"POLYGON ((77.9773106 27.1799665, 77.9785544 27.1792999, 77.9824656 27.1775912, 77.983796 27.1772476, 77.9836292 27.1790232, 77.9842729 27.1815237, 77.9825463 27.1819517, 77.9819555 27.1821536, 77.979113 27.1806919, 77.9773106 27.1799665))",Saket Colony
"POLYGON ((77.9842729 27.1815237, 77.9836292 27.1790232, 77.983796 27.1772476, 77.9845733 27.1768089, 77.9858988 27.1763122, 77.9888796 27.1761236, 77.9917187 27.1761217, 77.9923014 27.1808576, 77.9914827 27.1812946, 77.990456 27.1820793, 77.9890398 27.1826519, 77.9887576 27.1816001, 77.9887146 27.1810656, 77.9873414 27.1814474, 77.9866762 27.1811801, 77.9861183 27.1812756, 77.9856462 27.1812183, 77.9842729 27.1815237))",Kothi Meena Bazar
"POLYGON ((77.9397557 27.1967902, 77.9462573 27.1943282, 77.9481885 27.1984697, 77.9479739 27.20034, 77.9450772 27.2020958, 77.9413435 27.2017141, 77.940614 27.1996148, 77.9408929 27.1985652, 77.9397557 27.1967902))",Paschim Puri
"POLYGON ((77.9170654 27.2184795, 77.9361966 27.2136974, 77.9359391 27.2123234, 77.9367116 27.2121708, 77.9386891 27.2026188, 77.9395904 27.1985347, 77.9408929 27.1985652, 77.9397557 27.1967902, 77.9462573 27.1943282, 77.9466714 27.1951375, 77.9493751 27.1946794, 77.9553403 27.1939923, 77.9561986 27.1941832, 77.9557403 27.1949725, 77.9543532 27.2002142, 77.9583444 27.2010157, 77.9585589 27.1987637, 77.9621209 27.19884, 77.9624642 27.2006722, 77.9664554 27.2003668, 77.9671761 27.2001884, 77.9671547 27.2006083, 77.9680989 27.2019442, 77.9726352 27.206741, 77.9696069 27.2081891, 77.9691534 27.2091028, 77.9651623 27.2097898, 77.9591676 27.212277, 77.9616996 27.2170476, 77.9620858 27.2186123, 77.962987 27.2184215, 77.9657336 27.2223522, 77.9647895 27.2242222, 77.9640599 27.2246801, 77.9633655 27.2259374, 77.9616137 27.2273895, 77.9606696 27.2293357, 77.9589101 27.2313199, 77.9512633 27.2315851, 77.94058 27.231569, 77.940538 27.230957, 77.939504 27.229265, 77.9349496 27.2264426, 77.9278685 27.2251833, 77.923577 27.2235424, 77.9195 27.2247636, 77.9170654 27.2184795))",Sikandra
"POLYGON ((77.9248806 27.1970976, 77.9305884 27.2059529, 77.9310604 27.2064109, 77.9306313 27.206907, 77.93179 27.2086246, 77.9305455 27.2095024, 77.9304382 27.2108573, 77.9309532 27.2115824, 77.9303523 27.2119832, 77.9305669 27.2131854, 77.9304167 27.2147692, 77.9297301 27.215647, 77.9296872 27.2204938, 77.9301378 27.2205892, 77.9304596 27.2228216, 77.9299446 27.2231079, 77.9301163 27.2256265, 77.9278685 27.2251833, 77.9259535 27.2244435, 77.9259488 27.2208837, 77.9260823 27.2173644, 77.9251381 27.2161622, 77.9243227 27.2126701, 77.923679 27.2129946, 77.9246446 27.2111054, 77.9245159 27.2097314, 77.9238507 27.208491, 77.9214689 27.2050368, 77.9206535 27.2003803, 77.9210504 27.1999699, 77.9248806 27.1970976))",Mohammadpur
"POLYGON ((77.9206535 27.2003803, 77.9214689 27.2050368, 77.9245159 27.2097314, 77.9246446 27.2111054, 77.9241334 27.2121521, 77.9251381 27.2161622, 77.9260823 27.2173644, 77.9259535 27.2244435, 77.923577 27.2235424, 77.9195 27.2247636, 77.9168596 27.2179015, 77.918542 27.21511, 77.9185973 27.2010072, 77.9206535 27.2003803))",Lakhanpur
"POLYGON ((77.9310604 27.2064109, 77.9310843 27.2055863, 77.9338738 27.2053573, 77.9347321 27.2071893, 77.9356119 27.2068267, 77.9353973 27.2065023, 77.9361483 27.2062351, 77.9359338 27.2059107, 77.9373929 27.2052809, 77.9380152 27.2058344, 77.9387233 27.2060634, 77.9451148 27.202296, 77.9501602 27.2027046, 77.9514477 27.2035634, 77.9500744 27.208029, 77.9493233 27.2081435, 77.9494521 27.208487, 77.94898 27.2085633, 77.9490015 27.2090595, 77.9485938 27.2092312, 77.9460403 27.2098419, 77.9435512 27.2104716, 77.9431757 27.2113876, 77.9433259 27.2121986, 77.943165 27.2124753, 77.9434761 27.2159674, 77.9422058 27.2174615, 77.9424998 27.2235236, 77.9436263 27.2234187, 77.943798 27.2238671, 77.9444203 27.224678, 77.9470982 27.224388, 77.9473063 27.2246303, 77.9486796 27.2245254, 77.9488191 27.2254985, 77.9480681 27.2256797, 77.9484758 27.2267769, 77.9481003 27.2270344, 77.9482076 27.2275019, 77.9477033 27.2276832, 77.9475424 27.2285036, 77.9486367 27.2305261, 77.9505481 27.2318232, 77.94058 27.231569, 77.940538 27.230957, 77.939504 27.229265, 77.9349496 27.2264426, 77.9301163 27.2256265, 77.9299446 27.2231079, 77.9304596 27.2228216, 77.9301378 27.2205892, 77.9296872 27.2204938, 77.9297301 27.215647, 77.9304167 27.2147692, 77.9305669 27.2131854, 77.9303523 27.2119832, 77.9309532 27.2115824, 77.9304382 27.2108573, 77.9305455 27.2095024, 77.93179 27.2086246, 77.9306313 27.206907, 77.9310604 27.2064109))",Bainpur Mustkil
"POLYGON ((77.9533183 27.2046621, 77.954992 27.2049674, 77.9548633 27.2054445, 77.9561507 27.2057499, 77.956537 27.2044903, 77.957799 27.2047497, 77.957052 27.2088796, 77.9521167 27.2096047, 77.9533183 27.2046621))",Sector 13
"POLYGON ((77.9521167 27.2096047, 77.953336 27.2038145, 77.957799 27.2047497, 77.9590878 27.2051122, 77.960504 27.2051122, 77.9636368 27.2044252, 77.9665539 27.2034709, 77.966834 27.2031274, 77.9684004 27.2023641, 77.9726352 27.206741, 77.9702887 27.2078602, 77.9689369 27.2065816, 77.9683361 27.2063335, 77.967585 27.206219, 77.966598 27.2067534, 77.9631218 27.2078602, 77.9614696 27.2081847, 77.9521167 27.2096047))",Kar Kunj Chauraha
"POLYGON ((78.0011976 27.1832852, 78.0010645 27.1829245, 78.0062122 27.1825499, 78.0069418 27.1820536, 78.0079932 27.1818437, 78.0090661 27.1813474, 78.0090511 27.1817486, 78.009212 27.1822926, 78.0092442 27.182598, 78.0092549 27.183018, 78.0093086 27.1840869, 78.0093515 27.1844973, 78.0098987 27.1854612, 78.0092335 27.1855375, 78.0086541 27.1854325, 78.0082571 27.1853944, 78.0077529 27.1854421, 78.0074954 27.186072, 78.006283 27.1861865, 78.0057144 27.186301, 78.0047488 27.1865778, 78.0048239 27.1861674, 78.0049848 27.1858525, 78.0046201 27.1856902, 78.0043948 27.1854803, 78.0040085 27.1853848, 78.0037403 27.1852417, 78.0035794 27.1849076, 78.0033326 27.1841346, 78.0030751 27.183562, 78.0029249 27.1833329, 78.0023777 27.1831898, 78.0018735 27.1831898, 78.0011976 27.1832852))",Nai ki mandi
"POLYGON ((78.0238223 27.2300712, 78.0227601 27.2318551, 78.0222988 27.2322367, 78.0219555 27.2322844, 78.0208289 27.2320364, 78.0207002 27.2319028, 78.0204963 27.2314354, 78.0206251 27.231111, 78.0225455 27.2294702, 78.0231142 27.2294225, 78.0239618 27.229785, 78.0238223 27.2300712))",Yamuna Vihar
"POLYGON ((78.0529253 27.1623602, 78.0563585 27.1616252, 78.057013 27.1615488, 78.0578176 27.1615488, 78.0583862 27.1615202, 78.0591158 27.1615393, 78.0595879 27.1614915, 78.0546204 27.1654816, 78.0529789 27.1627038, 78.0529253 27.1623602))",Taj Nagari Phase 1
"POLYGON ((78.0533726 27.1474183, 78.0562693 27.1448132, 78.0588014 27.1465316, 78.0590481 27.1465507, 78.0579752 27.1477727, 78.0573422 27.1474959, 78.0571706 27.1476582, 78.0572242 27.1477918, 78.055808 27.1494052, 78.0533726 27.1474183))",Taj Nagari Phase 2
"POLYGON ((78.0169077 27.1298038, 78.0161567 27.1297274, 78.0156632 27.1297656, 78.0152984 27.1283142, 78.0151911 27.1274548, 78.0149122 27.1259462, 78.0145259 27.1250486, 78.013217 27.1217637, 78.0146031 27.1214703, 78.0175643 27.1204008, 78.0189033 27.1233489, 78.019826 27.1229287, 78.0204268 27.1228523, 78.0184741 27.1295364, 78.0175729 27.1298038, 78.0169077 27.1298038))",Taal Semri
"POLYGON ((77.9978478 27.2060984, 77.9984808 27.2056881, 77.998867 27.2051919, 77.9990494 27.2047816, 77.9993069 27.2040087, 77.9995429 27.2036652, 77.9997575 27.203522, 78.0005085 27.203293, 78.0007338 27.2041041, 78.0007767 27.2046575, 78.0011201 27.2046098, 78.0012166 27.2051633, 78.0025148 27.2050201, 78.0022573 27.206003, 78.0019231 27.2059745, 77.9983183 27.2064707, 77.9978478 27.2060984))",Surya Nagar
"POLYGON ((77.9906483 27.1636265, 77.9900161 27.159108, 77.992355 27.158898, 77.9973117 27.1577907, 77.9999081 27.158478, 78.002762 27.1582489, 78.0004445 27.1598526, 77.9993931 27.161189, 77.9983417 27.16285, 77.9967423 27.1656119, 77.9906483 27.1636265))",Sultanpura
"POLYGON ((78.0411404 27.2230672, 78.0407648 27.2231435, 78.0403786 27.2215407, 78.0401426 27.2209778, 78.0398529 27.2203672, 78.0397778 27.2200524, 78.0393057 27.2182969, 78.0397241 27.2181919, 78.0412584 27.217858, 78.0415051 27.2178866, 78.0431145 27.2175145, 78.0434041 27.2198711, 78.0435114 27.2207107, 78.0436724 27.2214548, 78.0438655 27.2223135, 78.0417626 27.2229813, 78.0411404 27.2230672))",Shobha Nagar
"POLYGON ((77.9847928 27.1526467, 77.9829045 27.1501169, 77.9844065 27.1493627, 77.9861553 27.1519689, 77.9847928 27.1526467))",Shiv Nagar
"POLYGON ((77.997105 27.2280331, 77.9985348 27.227835, 77.9986528 27.2282834, 77.9993395 27.2282548, 77.9993931 27.2284599, 78.0002085 27.2284313, 78.000171 27.2289273, 78.0005572 27.2288844, 78.0005496 27.2294499, 78.0003458 27.230442, 77.9976415 27.2307233, 77.997105 27.2280331))",Sharda Vihar
"POLYGON ((78.0447109 27.2174404, 78.0436597 27.2139698, 78.0470929 27.2128248, 78.0475006 27.2128344, 78.0518349 27.2105898, 78.0530365 27.2124981, 78.050526 27.2135286, 78.051041 27.2146926, 78.0508049 27.2148452, 78.0501826 27.2151124, 78.04926 27.2155894, 78.0480154 27.2161428, 78.0464919 27.2168298, 78.0447109 27.2174404))",Sati Nagar
"POLYGON ((78.0407648 27.2231435, 78.0376639 27.2234932, 78.0363121 27.2235409, 78.0363986 27.2228358, 78.0378034 27.2185893, 78.0393057 27.2182969, 78.0398529 27.2203672, 78.0403786 27.2215407, 78.0407648 27.2231435))",Sanjeev Nagar
"POLYGON ((77.9874496 27.1761875, 77.9872994 27.1721501, 77.9885439 27.1725701, 77.989695 27.1724967, 77.9893486 27.1728469, 77.9898743 27.17383, 77.9901425 27.1761302, 77.9874496 27.1761875))",Rui Ki Mandi
"GEOMETRYCOLLECTION (POLYGON ((77.9751439 27.1794059, 77.9751731 27.1795033, 77.9751388 27.1794046, 77.9751439 27.1794059)), POLYGON ((77.9751439 27.1794059, 77.9749028 27.1786028, 77.9757708 27.1765604, 77.9771441 27.1763122, 77.9775089 27.1771903, 77.9780882 27.1772094, 77.9789036 27.1773048, 77.9779107 27.1774961, 77.9785544 27.1792999, 77.9773106 27.1799665, 77.9751439 27.1794059)))",Ram Nagar
"POLYGON ((78.0398819 27.1461891, 78.0425319 27.1445853, 78.0440988 27.1430945, 78.0450027 27.1425107, 78.0450336 27.1420058, 78.0455884 27.1409691, 78.0471243 27.1392373, 78.0466737 27.1446602, 78.0434868 27.1459982, 78.0426928 27.14638, 78.0414697 27.1466474, 78.0409548 27.1465901, 78.0398819 27.1461891))",Rajpur Chungi
"POLYGON ((77.9467548 27.2171753, 77.945858 27.2159172, 77.9456112 27.2154974, 77.9454503 27.2147437, 77.9453216 27.2144002, 77.9451714 27.2137418, 77.9451928 27.2132839, 77.9449997 27.2128068, 77.9446778 27.212158, 77.951748 27.2112714, 77.9503747 27.2157548, 77.9467548 27.2171753))",Radha Nagar
"POLYGON ((77.9801387 27.1865795, 77.9776067 27.1872953, 77.9762656 27.1842413, 77.9757506 27.1824566, 77.9784864 27.1818172, 77.9796988 27.1830865, 77.9800207 27.1851957, 77.9801387 27.1865795))",Pratap Nagar
"POLYGON ((78.0046077 27.1760466, 78.0050798 27.1764284, 78.0041679 27.1780223, 78.0038674 27.1782322, 78.0033954 27.17828, 78.000799 27.1772778, 77.9993077 27.1755121, 77.9992755 27.1753116, 77.9994579 27.174949, 77.9998119 27.1747485, 78.0004128 27.1747581, 78.0046077 27.1760466))",North Idgah Colony
"POLYGON ((78.0259654 27.2169357, 78.0278322 27.2162583, 78.0291841 27.2189488, 78.0286476 27.2190251, 78.028197 27.2189011, 78.0278 27.2185862, 78.0275533 27.218529, 78.0274421 27.2183522, 78.0263195 27.2186339, 78.0261478 27.2182141, 78.0258903 27.2182237, 78.0257723 27.2179756, 78.0263624 27.2177657, 78.0259654 27.2169357))",New Adarsh Nagar
"POLYGON ((77.9892873 27.2074704, 77.989416 27.2042166, 77.9924952 27.2029189, 77.9951261 27.2021874, 77.9955717 27.2043715, 77.9978478 27.2060984, 77.9962932 27.2073082, 77.9892873 27.2074704))",Nasirabad Colony
"POLYGON ((77.977902 27.1836781, 77.9760875 27.1843065, 77.9721822 27.183982, 77.9709592 27.1834787, 77.9701665 27.183239, 77.9694852 27.1829145, 77.9723873 27.1789347, 77.9751388 27.1794046, 77.9774835 27.1800132, 77.9781487 27.1812253, 77.977505 27.1814448, 77.9769256 27.1816261, 77.977902 27.1836781))",Manas Nagar
"POLYGON ((78.0160275 27.1925545, 78.0133414 27.1938607, 78.0114102 27.1943569, 78.0104232 27.194166, 78.0101481 27.1940432, 78.0107168 27.1921155, 78.0110279 27.191667, 78.0118326 27.190684, 78.0126587 27.1897679, 78.0129591 27.1896629, 78.013281 27.1896533, 78.0139032 27.1891953, 78.0142358 27.1886799, 78.0156306 27.1905599, 78.01577 27.1909417, 78.0153087 27.1913807, 78.0157486 27.1919151, 78.0160275 27.1925545))",Maithan
"POLYGON ((77.9745358 27.1897207, 77.9745841 27.1875783, 77.9762148 27.1875687, 77.9766976 27.1874971, 77.9766225 27.1898973, 77.9745358 27.1897207))",Lokendra Puri
"POLYGON ((78.0303646 27.2125704, 78.0303324 27.2109866, 78.0314482 27.2106717, 78.0320812 27.2113682, 78.0322851 27.2118835, 78.0323709 27.212246, 78.0315877 27.212351, 78.0303646 27.2125704))",Lohiya Nagar
"POLYGON ((77.9543532 27.2002142, 77.9555903 27.1952124, 77.9583796 27.191537, 77.9620703 27.188655, 77.9647311 27.1895711, 77.9798765 27.1914927, 77.9797478 27.1907292, 77.9833067 27.1909918, 77.9898123 27.1898668, 77.9904736 27.189923, 77.990774 27.1906864, 77.992834 27.1908391, 77.9948081 27.1904574, 77.9969538 27.1916408, 77.9969868 27.1927074, 77.9969538 27.1942365, 77.9955376 27.1975955, 77.9950656 27.1973665, 77.9890891 27.1997979, 77.9871691 27.1963359, 77.9840363 27.1946563, 77.981666 27.1962408, 77.9805073 27.1952102, 77.9764089 27.1974432, 77.9753449 27.1960906, 77.9671761 27.2001884, 77.9624642 27.2006722, 77.9621209 27.19884, 77.9588389 27.198823, 77.9583444 27.2010157, 77.9543532 27.2002142))",Lohamandi
"POLYGON ((77.9959495 27.2045799, 77.9955717 27.2043715, 77.9951261 27.2021874, 77.9970251 27.2013476, 77.9996832 27.2003527, 77.9997261 27.2004386, 78.0000265 27.2011161, 78.0000158 27.2022135, 78.0006273 27.2032536, 77.9997575 27.203522, 77.9989429 27.2036448, 77.9959495 27.2045799))",Lajpat Kunj
"POLYGON ((78.0536133 27.2247191, 78.0605255 27.2210827, 78.0627182 27.2225359, 78.0637481 27.2226504, 78.0657651 27.2242532, 78.065533 27.2247859, 78.0653935 27.2251484, 78.064782 27.2254346, 78.0647176 27.2257304, 78.0633229 27.2265317, 78.0572289 27.2297563, 78.0562204 27.2282012, 78.0550831 27.2285924, 78.055145 27.2273552, 78.0546192 27.2269545, 78.0544716 27.2259975, 78.0536133 27.2247191))",Kalindi Vihar
"POLYGON ((78.02114 27.1950361, 78.0232643 27.1939959, 78.0267213 27.1927533, 78.0270592 27.193612, 78.0275688 27.1942798, 78.0266676 27.1947379, 78.0263672 27.1957303, 78.0251273 27.1968334, 78.0245265 27.1969479, 78.0244622 27.1972532, 78.0230459 27.1978449, 78.02114 27.1950361))",Jeoni Mandi
"POLYGON ((77.951748 27.2112714, 77.9553958 27.1957751, 77.95943 27.1967531, 77.960374 27.1964049, 77.9596659 27.1936566, 77.9663821 27.1923205, 77.9683133 27.1930267, 77.967691 27.1948972, 77.9671761 27.2001884, 77.971496 27.1980631, 77.9681417 27.2019204, 77.9722615 27.1996303, 77.9761668 27.2049357, 77.9696866 27.2085616, 77.951748 27.2112714))",Avas Vikas Colony
"POLYGON ((78.0156911 27.1802782, 78.0164421 27.1794861, 78.017842 27.1793646, 78.0183785 27.1785057, 78.0190437 27.1778757, 78.0204599 27.1771313, 78.0217044 27.1756805, 78.0248031 27.175142, 78.0263481 27.1753138, 78.0242815 27.1789835, 78.023509 27.1840417, 78.0216423 27.1839559, 78.0200759 27.1836314, 78.0169132 27.1816409, 78.0156911 27.1802782))",Husanpura
"POLYGON ((78.0183719 27.2393249, 78.0175028 27.2331146, 78.0173633 27.2315978, 78.0166982 27.2246338, 78.0163399 27.2151541, 78.015782 27.2140473, 78.0167476 27.2103071, 78.0165331 27.2086087, 78.0208786 27.2083733, 78.0259856 27.2077245, 78.0340618 27.2055344, 78.0347566 27.2105744, 78.0344991 27.2146963, 78.0333833 27.2173678, 78.032525 27.2204971, 78.0305509 27.2251529, 78.0306367 27.2309532, 78.0312375 27.2317164, 78.0311517 27.2328611, 78.031047 27.2365319, 78.0230862 27.2367417, 78.022936 27.2376193, 78.0213052 27.2391265, 78.0183719 27.2393249))",Kamla Nagar
